date,hour,pickup_zone,dropoff_zone,trip_distance_km,trip_duration_min,pickup_delay_min,traffic_index,worker_rating,acceptance_rate,zone_worker_density,zone_demand_level,base_fare,surge_multiplier,incentive_bonus,total_fare
2024-03-07,20,Singanallur,RS_Puram,1.51,6.6,12.6,1.41,4.66,0.81,Low,High,46.04,1.55,30,101.36
2024-03-06,7,Gandhipuram,RS_Puram,4.24,18.5,13.8,1.41,4.51,0.68,Medium,Low,56.96,1.0,0,56.96
2024-03-14,20,Saibaba_Colony,Singanallur,4.64,29.1,9.9,1.33,4.59,0.76,High,High,58.56,1.21,20,90.86
2024-03-09,19,RS_Puram,Saibaba_Colony,2.51,14.3,4.4,1.47,4.54,0.77,High,Medium,50.04,1.0,0,50.04
2024-03-03,19,Gandhipuram,RS_Puram,6.27,25.1,7.7,1.17,4.46,0.61,Low,High,65.08,1.62,10,115.43
2024-03-12,7,Gandhipuram,Gandhipuram,4.75,23.2,7.3,1.18,4.66,0.94,High,High,59.0,1.0,0,59.0
2024-03-05,21,Saibaba_Colony,Gandhipuram,8.67,43.7,6.2,1.42,4.22,0.7,High,High,74.68,1.0,0,74.68
2024-03-11,22,Gandhipuram,Singanallur,1.13,6.7,13.2,1.4,4.73,0.9,Low,Low,44.52,1.0,0,44.52
2024-03-12,7,RS_Puram,RS_Puram,4.99,21.0,7.1,0.97,4.29,0.8,Low,Medium,59.96,1.0,0,59.96
2024-03-03,10,Ukkadam,Saibaba_Colony,6.58,46.2,6.1,1.58,4.48,0.75,Low,Medium,66.32,1.0,0,66.32
2024-03-03,12,Ukkadam,Singanallur,5.34,28.8,3.8,1.23,4.77,0.67,High,Low,61.36,1.0,0,61.36
2024-03-13,12,Peelamedu,Ukkadam,16.77,89.6,9.3,1.1,4.78,0.88,Low,High,107.08,1.0,0,107.08
2024-03-12,16,Singanallur,Ukkadam,5.32,22.3,10.5,1.13,4.77,0.6,Low,High,61.28,1.0,0,61.28
2024-03-13,14,Gandhipuram,Peelamedu,1.21,5.5,6.5,1.11,4.38,0.69,Medium,Medium,44.84,1.0,0,44.84
2024-03-11,14,Singanallur,Peelamedu,7.87,32.6,4.7,1.18,4.82,0.65,Low,High,71.48,1.0,0,71.48
2024-03-08,22,Peelamedu,Peelamedu,8.32,34.7,2.5,1.09,4.85,0.84,Medium,Medium,73.28,1.0,0,73.28
2024-03-05,17,Ukkadam,Saibaba_Colony,1.05,5.3,3.2,1.21,4.34,0.88,Medium,Medium,44.2,1.0,0,44.2
2024-03-05,7,Singanallur,Saibaba_Colony,2.36,10.1,11.6,1.34,4.4,0.61,Low,Medium,49.44,1.0,0,49.44
2024-03-04,9,Saibaba_Colony,RS_Puram,2.59,8.1,6.5,0.91,4.71,0.74,High,Medium,50.36,1.0,0,50.36
2024-03-02,13,Saibaba_Colony,Singanallur,1.86,6.0,9.4,1.0,4.53,0.83,High,High,47.44,1.0,0,47.44
2024-03-10,21,Ukkadam,Ukkadam,6.23,28.0,3.5,1.29,4.31,0.72,High,Low,64.92,1.0,0,64.92
2024-03-03,6,Gandhipuram,Ukkadam,9.31,41.8,12.4,1.35,4.66,0.6,Low,Medium,77.24,1.0,0,77.24
2024-03-14,7,RS_Puram,Ukkadam,2.26,10.8,10.6,1.38,4.45,0.86,High,Low,49.04,1.0,0,49.04
2024-03-08,12,Singanallur,Singanallur,1.48,8.5,8.5,1.4,4.34,0.81,Low,High,45.92,1.0,0,45.92
2024-03-06,18,RS_Puram,Gandhipuram,6.95,33.3,6.0,1.24,4.87,0.9,Medium,Medium,67.8,1.0,0,67.8
2024-03-12,21,RS_Puram,Singanallur,9.21,43.5,3.8,1.1,4.56,0.61,High,Low,76.84,1.0,0,76.84
2024-03-08,22,Ukkadam,Singanallur,6.92,44.3,3.4,1.29,4.41,0.69,Low,Low,67.68,1.0,0,67.68
2024-03-03,15,Singanallur,Saibaba_Colony,2.52,16.3,4.3,1.56,4.61,0.91,Medium,Low,50.08,1.0,0,50.08
2024-03-01,13,RS_Puram,Saibaba_Colony,1.46,7.5,6.0,1.39,4.7,0.9,High,Low,45.84,1.0,0,45.84
2024-03-13,12,Saibaba_Colony,Peelamedu,6.05,32.5,9.5,1.25,4.65,0.72,Medium,High,64.2,1.0,0,64.2
2024-03-12,7,Saibaba_Colony,Ukkadam,4.76,14.2,5.6,0.97,4.24,0.81,Medium,Low,59.04,1.0,0,59.04
2024-03-06,22,RS_Puram,Saibaba_Colony,5.43,18.8,2.8,0.93,4.91,0.68,Medium,Medium,61.72,1.0,0,61.72
2024-03-05,12,Peelamedu,Singanallur,4.6,17.9,6.1,0.96,4.87,0.94,Low,High,58.4,1.0,0,58.4
2024-03-12,15,Peelamedu,RS_Puram,7.45,29.8,6.2,1.13,4.45,0.66,High,Low,69.8,1.0,0,69.8
2024-03-01,20,Ukkadam,Ukkadam,12.16,58.2,7.9,1.08,4.68,0.81,Low,Medium,88.64,1.0,0,88.64
2024-03-07,8,Ukkadam,Saibaba_Colony,12.09,58.4,2.3,1.07,4.55,0.63,Low,Low,88.36,1.0,0,88.36
2024-03-05,12,Gandhipuram,Gandhipuram,13.6,66.7,2.7,1.14,4.6,0.79,High,High,94.4,1.0,0,94.4
2024-03-13,9,RS_Puram,Ukkadam,7.11,46.2,11.9,1.33,4.83,0.84,Low,High,68.44,1.49,10,111.98
2024-03-01,6,Ukkadam,Peelamedu,6.13,38.3,12.6,1.47,4.37,0.7,Medium,Low,64.52,1.0,0,64.52
2024-03-12,19,Peelamedu,Gandhipuram,6.38,25.3,2.3,0.91,4.78,0.61,Low,High,65.52,1.61,10,115.49
2024-03-09,12,Gandhipuram,Saibaba_Colony,2.84,11.9,8.8,0.98,4.76,0.7,Low,Low,51.36,1.0,0,51.36
2024-03-10,10,RS_Puram,RS_Puram,6.55,46.7,7.6,1.43,4.86,0.72,Medium,Medium,66.2,1.0,0,66.2
2024-03-14,10,Saibaba_Colony,Peelamedu,2.53,12.1,4.2,1.07,4.73,0.77,Medium,High,50.12,1.0,0,50.12
2024-03-09,18,Saibaba_Colony,Ukkadam,0.3,1.4,14.1,1.53,4.55,0.93,Low,High,41.2,1.68,20,89.22
2024-03-03,20,Peelamedu,Saibaba_Colony,2.48,10.0,6.2,0.96,4.53,0.93,Medium,High,49.92,1.69,30,114.36
2024-03-14,10,Ukkadam,Peelamedu,5.02,31.4,13.8,1.42,4.78,0.9,Low,Low,60.08,1.0,0,60.08
2024-03-06,12,Ukkadam,RS_Puram,5.98,27.2,11.0,1.2,4.61,0.68,Medium,Low,63.92,1.0,0,63.92
2024-03-08,21,Saibaba_Colony,RS_Puram,1.41,7.3,13.9,1.5,4.25,0.85,Low,Medium,45.64,1.0,0,45.64
2024-03-03,17,Saibaba_Colony,Saibaba_Colony,8.66,53.8,3.7,1.29,4.54,0.76,High,Low,74.64,1.0,0,74.64
2024-03-10,13,Peelamedu,Gandhipuram,4.15,18.3,6.5,0.98,4.58,0.7,Medium,High,56.6,1.0,0,56.6
2024-03-08,6,Saibaba_Colony,Gandhipuram,5.6,18.0,10.3,1.06,4.64,0.63,Medium,Medium,62.4,1.0,0,62.4
2024-03-03,20,Singanallur,Ukkadam,4.21,22.1,9.4,1.34,4.77,0.62,Medium,High,56.84,1.34,10,86.17
2024-03-08,11,Gandhipuram,Saibaba_Colony,4.79,20.8,4.3,1.22,4.18,0.8,High,Medium,59.16,1.0,0,59.16
2024-03-12,10,Peelamedu,RS_Puram,2.69,18.7,9.9,1.58,4.79,0.84,Low,Medium,50.76,1.0,0,50.76
2024-03-13,18,Ukkadam,Saibaba_Colony,2.57,19.4,12.0,1.54,4.34,0.93,Medium,High,50.28,1.63,20,101.96
2024-03-13,10,Saibaba_Colony,Peelamedu,13.31,56.6,9.1,0.92,4.66,0.73,Medium,Medium,93.24,1.0,0,93.24
2024-03-06,22,Ukkadam,Saibaba_Colony,1.53,8.7,6.2,1.49,4.6,0.87,High,Low,46.12,1.0,0,46.12
2024-03-05,15,Gandhipuram,Singanallur,4.32,25.1,4.5,1.49,4.62,0.68,Medium,Medium,57.28,1.0,0,57.28
2024-03-01,13,Singanallur,RS_Puram,6.06,26.0,9.8,1.33,4.91,0.78,Medium,Medium,64.24,1.0,0,64.24
2024-03-12,6,Gandhipuram,Peelamedu,4.55,27.9,6.7,1.29,4.73,0.85,High,High,58.2,1.0,0,58.2
2024-03-03,12,Gandhipuram,RS_Puram,10.33,38.2,6.7,1.0,4.36,0.92,Low,Low,81.32,1.0,0,81.32
2024-03-04,11,Peelamedu,RS_Puram,4.92,27.6,6.9,1.22,4.22,0.89,Medium,High,59.68,1.0,0,59.68
2024-03-01,10,Singanallur,Ukkadam,0.42,2.3,4.1,1.59,4.58,0.65,High,Medium,41.68,1.0,0,41.68
2024-03-07,21,Saibaba_Colony,Peelamedu,5.47,20.4,9.3,1.01,4.41,0.77,High,Medium,61.88,1.0,0,61.88
2024-03-13,10,Saibaba_Colony,Peelamedu,3.45,16.0,5.5,1.14,4.58,0.91,High,High,53.8,1.0,0,53.8
2024-03-01,19,Singanallur,Peelamedu,2.46,12.2,6.9,1.13,4.55,0.65,Medium,High,49.84,1.39,30,99.28
2024-03-01,9,Gandhipuram,Ukkadam,2.21,12.1,8.6,1.46,4.72,0.82,Low,Low,48.84,1.0,0,48.84
2024-03-07,19,Ukkadam,Gandhipuram,7.56,37.1,7.6,1.22,4.4,0.64,Low,Low,70.24,1.0,0,70.24
2024-03-10,11,Ukkadam,Gandhipuram,2.06,8.0,5.8,1.27,4.42,0.67,Medium,Low,48.24,1.0,0,48.24
2024-03-10,17,Peelamedu,Peelamedu,3.14,14.3,6.2,1.06,4.18,0.8,Low,Medium,52.56,1.0,0,52.56
2024-03-06,7,Singanallur,Ukkadam,11.0,52.1,11.9,1.29,5.0,0.81,Medium,Low,84.0,1.0,0,84.0
2024-03-11,18,Ukkadam,Singanallur,2.48,13.2,3.1,1.13,4.35,0.88,High,Low,49.92,1.0,0,49.92
2024-03-08,14,Gandhipuram,RS_Puram,6.79,24.7,9.4,0.96,4.65,0.69,Low,Low,67.16,1.0,0,67.16
2024-03-08,11,Saibaba_Colony,Peelamedu,5.11,28.8,9.0,1.37,4.79,0.67,High,Low,60.44,1.0,0,60.44
2024-03-06,9,Singanallur,Peelamedu,2.16,9.0,3.5,1.2,4.3,0.8,Low,Low,48.64,1.0,0,48.64
2024-03-11,9,Peelamedu,Singanallur,7.31,30.6,6.3,1.12,5.0,0.67,Medium,Low,69.24,1.0,0,69.24
2024-03-08,7,Ukkadam,Gandhipuram,14.41,41.6,2.8,0.96,5.0,0.88,High,Medium,97.64,1.0,0,97.64
2024-03-01,10,Saibaba_Colony,Ukkadam,2.5,12.0,11.6,1.48,4.62,0.8,High,Low,50.0,1.0,0,50.0
2024-03-13,13,Saibaba_Colony,Gandhipuram,3.68,25.0,12.7,1.48,4.49,0.82,High,High,54.72,1.0,0,54.72
2024-03-14,9,RS_Puram,Peelamedu,2.33,11.4,6.3,1.12,4.71,0.82,Medium,Low,49.32,1.0,0,49.32
2024-03-01,20,Gandhipuram,Gandhipuram,5.2,25.6,8.1,1.3,4.14,0.72,High,High,60.8,1.57,30,125.46
2024-03-10,20,Ukkadam,RS_Puram,10.71,73.0,10.0,1.52,4.79,0.65,High,High,82.84,1.3,30,137.69
2024-03-02,15,Saibaba_Colony,Gandhipuram,6.95,27.9,7.9,1.25,4.44,0.81,Medium,High,67.8,1.0,0,67.8
2024-03-13,13,Saibaba_Colony,Ukkadam,0.34,1.5,7.8,1.0,4.88,0.79,High,Low,41.36,1.0,0,41.36
2024-03-11,10,Singanallur,Peelamedu,8.34,45.5,5.7,1.48,4.26,0.82,Low,Medium,73.36,1.0,0,73.36
2024-03-10,18,RS_Puram,RS_Puram,2.5,8.8,7.8,1.0,4.42,0.92,High,Medium,50.0,1.0,0,50.0
2024-03-05,10,Singanallur,Ukkadam,4.86,28.3,9.6,1.4,4.92,0.93,High,Low,59.44,1.0,0,59.44
2024-03-06,16,Ukkadam,RS_Puram,2.72,16.5,10.6,1.22,4.61,0.81,High,High,50.88,1.0,0,50.88
2024-03-05,20,RS_Puram,Ukkadam,8.79,38.1,1.9,0.94,4.4,0.79,High,High,75.16,1.66,30,154.77
2024-03-02,12,Peelamedu,Singanallur,0.78,3.5,4.3,1.14,4.37,0.66,Low,Low,43.12,1.0,0,43.12
2024-03-07,11,Saibaba_Colony,RS_Puram,3.7,15.5,3.9,0.92,4.47,0.78,Medium,Medium,54.8,1.0,0,54.8
2024-03-01,14,Ukkadam,Ukkadam,2.39,7.6,10.0,1.0,5.0,0.62,Medium,Medium,49.56,1.0,0,49.56
2024-03-07,22,Singanallur,Peelamedu,4.36,16.7,2.3,0.93,4.55,0.78,Medium,Low,57.44,1.0,0,57.44
2024-03-12,22,Gandhipuram,Saibaba_Colony,11.15,43.6,4.1,1.18,4.32,0.83,Medium,Low,84.6,1.0,0,84.6
2024-03-12,6,Ukkadam,Saibaba_Colony,2.13,8.7,6.7,0.92,4.74,0.61,Medium,High,48.52,1.0,0,48.52
2024-03-06,20,Saibaba_Colony,Ukkadam,1.48,7.9,10.1,1.3,4.85,0.94,High,High,45.92,1.67,20,96.69
2024-03-06,19,RS_Puram,Ukkadam,5.68,19.1,3.0,1.11,4.67,0.75,High,High,62.72,1.65,30,133.49
2024-03-05,16,Peelamedu,Gandhipuram,1.29,5.8,4.5,1.08,4.34,0.79,Medium,Low,45.16,1.0,0,45.16
2024-03-02,17,Peelamedu,Gandhipuram,3.12,16.3,6.1,1.05,4.65,0.66,Medium,Medium,52.48,1.0,0,52.48
2024-03-02,22,RS_Puram,Saibaba_Colony,15.71,56.1,9.5,1.09,4.73,0.94,Low,Medium,102.84,1.0,0,102.84
2024-03-10,18,Gandhipuram,Gandhipuram,8.05,51.4,8.3,1.38,4.71,0.62,Medium,Medium,72.2,1.0,0,72.2
2024-03-05,11,Saibaba_Colony,RS_Puram,5.05,32.4,5.0,1.48,4.8,0.92,High,High,60.2,1.0,0,60.2
2024-03-10,19,Peelamedu,Gandhipuram,6.07,23.7,3.7,0.93,4.45,0.74,High,High,64.28,1.34,20,106.14
2024-03-04,22,Peelamedu,Singanallur,6.17,42.7,4.3,1.41,4.63,0.77,Medium,Medium,64.68,1.0,0,64.68
2024-03-10,9,Peelamedu,Ukkadam,5.15,32.4,4.1,1.28,4.54,0.82,Medium,High,60.6,1.44,10,97.26
2024-03-09,14,RS_Puram,Ukkadam,12.12,54.6,3.0,1.15,4.46,0.63,High,Low,88.48,1.0,0,88.48
2024-03-12,17,Singanallur,Singanallur,8.23,59.6,11.9,1.58,4.48,0.78,Low,High,72.92,1.0,0,72.92
2024-03-12,21,Ukkadam,Singanallur,7.4,49.0,13.3,1.51,4.72,0.69,Low,Low,69.6,1.0,0,69.6
2024-03-09,17,Peelamedu,RS_Puram,7.41,34.2,4.6,1.05,4.63,0.92,High,Low,69.64,1.0,0,69.64
2024-03-02,12,Peelamedu,Peelamedu,15.99,72.8,7.9,1.22,4.67,0.77,Low,High,103.96,1.0,0,103.96
2024-03-03,10,Saibaba_Colony,Singanallur,0.41,2.4,8.0,1.27,4.34,0.83,Medium,High,41.64,1.0,0,41.64
2024-03-13,6,Gandhipuram,RS_Puram,1.15,8.3,3.3,1.52,4.72,0.91,Medium,Low,44.6,1.0,0,44.6
2024-03-13,8,Saibaba_Colony,RS_Puram,19.43,70.1,2.6,0.95,4.47,0.72,Medium,Medium,117.72,1.0,0,117.72
2024-03-04,10,Saibaba_Colony,Ukkadam,4.14,27.5,10.9,1.41,4.57,0.81,High,Low,56.56,1.0,0,56.56
2024-03-01,19,Gandhipuram,Ukkadam,3.42,15.6,7.8,0.93,4.42,0.69,High,Low,53.68,1.0,0,53.68
2024-03-12,11,RS_Puram,Peelamedu,5.0,39.6,12.6,1.59,4.79,0.62,High,Low,60.0,1.0,0,60.0
2024-03-08,18,Peelamedu,Saibaba_Colony,3.77,18.2,8.4,0.98,4.5,0.88,Low,Medium,55.08,1.0,0,55.08
2024-03-06,20,RS_Puram,Saibaba_Colony,18.58,68.7,6.4,1.05,4.69,0.77,High,Low,114.32,1.0,0,114.32
2024-03-01,8,RS_Puram,Peelamedu,2.28,14.0,9.8,1.47,4.46,0.63,High,Medium,49.12,1.0,0,49.12
2024-03-09,8,Ukkadam,Peelamedu,2.5,8.4,5.0,1.09,4.59,0.93,Low,Low,50.0,1.0,0,50.0
2024-03-11,7,Saibaba_Colony,Ukkadam,1.11,5.3,3.2,1.19,4.45,0.68,Low,Low,44.44,1.0,0,44.44
2024-03-13,10,Singanallur,RS_Puram,7.84,53.9,10.1,1.59,4.61,0.9,Medium,High,71.36,1.0,0,71.36
2024-03-01,11,RS_Puram,RS_Puram,3.06,12.8,5.9,1.26,4.71,0.68,Medium,Medium,52.24,1.0,0,52.24
2024-03-05,15,Saibaba_Colony,Singanallur,1.83,8.7,5.6,0.97,4.72,0.91,Medium,Medium,47.32,1.0,0,47.32
2024-03-10,15,Ukkadam,RS_Puram,4.95,29.9,11.8,1.47,4.57,0.69,Medium,Medium,59.8,1.0,0,59.8
2024-03-02,18,Saibaba_Colony,Peelamedu,4.25,24.1,8.4,1.33,4.62,0.87,High,High,57.0,1.25,20,91.25
2024-03-14,12,Ukkadam,Gandhipuram,3.87,24.1,3.6,1.28,4.66,0.93,Low,Low,55.48,1.0,0,55.48
2024-03-04,9,Saibaba_Colony,Peelamedu,3.1,12.7,7.7,1.11,4.63,0.62,High,High,52.4,1.64,30,115.94
2024-03-13,17,Gandhipuram,RS_Puram,5.47,23.6,6.5,1.42,4.49,0.77,Medium,Low,61.88,1.0,0,61.88
2024-03-03,16,Peelamedu,Singanallur,2.99,16.1,4.6,1.38,4.73,0.68,High,High,51.96,1.0,0,51.96
2024-03-02,20,Ukkadam,Saibaba_Colony,8.23,40.3,13.3,1.38,4.56,0.93,Low,Medium,72.92,1.0,0,72.92
2024-03-05,11,Gandhipuram,Saibaba_Colony,1.45,7.5,6.5,1.43,4.79,0.67,Low,Low,45.8,1.0,0,45.8
2024-03-01,17,Peelamedu,Saibaba_Colony,7.6,40.1,4.2,1.29,4.57,0.79,Medium,Low,70.4,1.0,0,70.4
2024-03-07,8,Singanallur,Singanallur,1.39,9.8,14.2,1.46,4.57,0.6,High,Low,45.56,1.0,0,45.56
2024-03-07,22,Gandhipuram,Singanallur,1.16,6.4,5.1,1.33,4.69,0.71,Medium,High,44.64,1.0,0,44.64
2024-03-02,13,Ukkadam,RS_Puram,1.71,5.8,2.9,1.12,4.51,0.81,High,High,46.84,1.0,0,46.84
2024-03-11,18,Singanallur,Singanallur,5.06,23.8,4.0,1.43,4.69,0.8,Medium,Low,60.24,1.0,0,60.24
2024-03-06,6,Ukkadam,Saibaba_Colony,1.93,7.6,3.4,1.29,4.61,0.74,Medium,High,47.72,1.0,0,47.72
2024-03-02,11,Peelamedu,RS_Puram,8.24,35.7,3.7,1.3,4.72,0.82,Medium,High,72.96,1.0,0,72.96
2024-03-03,11,Gandhipuram,Saibaba_Colony,10.98,70.6,12.6,1.32,4.9,0.82,Medium,Medium,83.92,1.0,0,83.92
2024-03-04,20,Peelamedu,Gandhipuram,10.03,63.2,9.1,1.47,4.64,0.86,High,Low,80.12,1.0,0,80.12
2024-03-11,17,Saibaba_Colony,Peelamedu,1.65,7.6,6.4,1.07,4.49,0.79,High,Low,46.6,1.0,0,46.6
2024-03-02,10,Peelamedu,Singanallur,4.29,29.9,4.1,1.6,4.62,0.61,High,Low,57.16,1.0,0,57.16
2024-03-01,12,Gandhipuram,Gandhipuram,5.59,26.3,5.8,1.22,4.73,0.73,High,Medium,62.36,1.0,0,62.36
2024-03-04,22,Singanallur,Saibaba_Colony,2.98,15.8,8.5,1.26,4.62,0.88,High,High,51.92,1.0,0,51.92
2024-03-07,15,Ukkadam,Gandhipuram,1.91,11.9,13.8,1.59,4.33,0.68,Low,Low,47.64,1.0,0,47.64
2024-03-10,13,Singanallur,Ukkadam,12.15,57.7,6.3,1.18,4.86,0.62,Medium,High,88.6,1.0,0,88.6
2024-03-09,20,RS_Puram,RS_Puram,13.18,74.9,5.9,1.32,4.78,0.74,Medium,High,92.72,1.63,20,171.13
2024-03-05,6,Singanallur,Singanallur,0.89,4.3,8.9,1.44,4.55,0.72,High,Low,43.56,1.0,0,43.56
2024-03-14,14,Peelamedu,Ukkadam,6.63,26.5,4.0,1.2,4.32,0.61,High,Low,66.52,1.0,0,66.52
2024-03-05,20,Peelamedu,Singanallur,9.44,53.5,12.2,1.36,4.58,0.67,Low,Medium,77.76,1.0,0,77.76
2024-03-13,19,Ukkadam,RS_Puram,6.98,21.3,5.3,0.94,4.61,0.93,Medium,Low,67.92,1.0,0,67.92
2024-03-05,6,Singanallur,Singanallur,7.88,40.0,7.4,1.26,4.67,0.83,Medium,Medium,71.52,1.0,0,71.52
2024-03-04,18,Singanallur,Peelamedu,4.38,14.8,7.8,1.0,4.62,0.65,High,High,57.52,1.32,30,105.93
2024-03-06,20,Peelamedu,Ukkadam,4.07,26.6,9.1,1.38,5.0,0.61,High,Low,56.28,1.0,0,56.28
2024-03-08,19,RS_Puram,RS_Puram,6.5,43.4,10.2,1.54,4.63,0.72,Low,Low,66.0,1.0,0,66.0
2024-03-02,11,RS_Puram,Gandhipuram,3.18,11.5,8.1,1.12,4.64,0.87,High,High,52.72,1.0,0,52.72
2024-03-04,11,RS_Puram,Gandhipuram,7.27,31.6,8.7,1.21,4.52,0.71,Medium,High,69.08,1.0,0,69.08
2024-03-01,17,Gandhipuram,Gandhipuram,0.46,2.6,8.5,1.33,4.81,0.76,Medium,Low,41.84,1.0,0,41.84
2024-03-06,16,RS_Puram,Gandhipuram,8.77,43.5,11.8,1.32,4.91,0.78,Medium,High,75.08,1.0,0,75.08
2024-03-06,17,Gandhipuram,Saibaba_Colony,0.81,3.1,6.4,1.0,4.63,0.86,Medium,Low,43.24,1.0,0,43.24
2024-03-12,16,Peelamedu,Saibaba_Colony,7.13,31.5,2.3,0.91,4.66,0.93,High,Low,68.52,1.0,0,68.52
2024-03-06,7,RS_Puram,Peelamedu,5.84,28.9,6.4,1.02,5.0,0.8,Low,Low,63.36,1.0,0,63.36
2024-03-10,9,Singanallur,Gandhipuram,5.27,29.8,4.2,1.4,4.59,0.9,High,High,61.08,1.6,20,117.73
2024-03-07,22,Singanallur,Gandhipuram,10.5,42.1,9.2,1.3,4.58,0.93,High,Medium,82.0,1.0,0,82.0
2024-03-07,14,RS_Puram,Saibaba_Colony,1.6,11.2,11.9,1.46,4.7,0.79,Medium,High,46.4,1.0,0,46.4
2024-03-11,10,Ukkadam,Saibaba_Colony,6.83,35.0,9.0,1.11,4.69,0.65,Low,Low,67.32,1.0,0,67.32
2024-03-07,10,Saibaba_Colony,Gandhipuram,6.57,21.4,2.2,1.02,4.68,0.82,Low,Low,66.28,1.0,0,66.28
2024-03-12,12,Singanallur,Saibaba_Colony,2.61,13.3,12.7,1.28,4.33,0.65,Low,Medium,50.44,1.0,0,50.44
2024-03-05,8,Gandhipuram,RS_Puram,12.47,55.6,10.3,1.21,4.52,0.81,High,Medium,89.88,1.0,0,89.88
2024-03-06,15,Gandhipuram,Peelamedu,2.19,14.0,8.0,1.53,4.77,0.73,Low,Low,48.76,1.0,0,48.76
2024-03-06,14,Singanallur,Gandhipuram,9.58,40.0,9.5,1.33,4.56,0.69,Low,Low,78.32,1.0,0,78.32
2024-03-08,8,Singanallur,Gandhipuram,1.41,8.9,9.3,1.27,4.35,0.8,Low,Medium,45.64,1.0,0,45.64
2024-03-02,13,RS_Puram,Singanallur,9.99,50.0,7.0,1.31,4.74,0.89,Medium,Medium,79.96,1.0,0,79.96
2024-03-12,22,Singanallur,Singanallur,4.1,14.7,10.9,1.11,4.68,0.61,Low,High,56.4,1.0,0,56.4
2024-03-04,13,Ukkadam,RS_Puram,7.19,36.4,12.0,1.44,4.37,0.9,Medium,High,68.76,1.0,0,68.76
2024-03-05,21,Peelamedu,RS_Puram,3.3,15.5,6.0,1.25,4.52,0.68,Medium,Low,53.2,1.0,0,53.2
2024-03-01,16,Singanallur,Saibaba_Colony,4.82,23.7,12.3,1.48,4.58,0.8,Medium,Medium,59.28,1.0,0,59.28
2024-03-12,10,RS_Puram,Gandhipuram,0.18,0.9,8.7,1.17,4.61,0.79,High,Medium,40.72,1.0,0,40.72
2024-03-14,11,Saibaba_Colony,Saibaba_Colony,6.32,19.2,3.2,1.0,4.5,0.68,Medium,Low,65.28,1.0,0,65.28
2024-03-14,15,Gandhipuram,Peelamedu,4.09,27.4,5.0,1.48,4.76,0.78,Low,Low,56.36,1.0,0,56.36
2024-03-09,11,Peelamedu,Gandhipuram,2.49,8.1,9.7,1.0,4.56,0.79,Medium,Low,49.96,1.0,0,49.96
2024-03-12,18,Singanallur,Gandhipuram,3.07,14.4,3.3,1.56,4.73,0.81,Low,Low,52.28,1.0,0,52.28
2024-03-07,10,Gandhipuram,Saibaba_Colony,2.32,10.5,11.0,1.45,4.59,0.94,Medium,Medium,49.28,1.0,0,49.28
2024-03-03,14,Ukkadam,Gandhipuram,3.09,13.5,2.5,1.0,4.46,0.78,Medium,Low,52.36,1.0,0,52.36
2024-03-07,13,Ukkadam,RS_Puram,0.92,5.5,8.0,1.47,4.78,0.65,Low,High,43.68,1.0,0,43.68
2024-03-04,8,Singanallur,Singanallur,9.41,49.5,2.4,1.16,4.54,0.75,Medium,Medium,77.64,1.0,0,77.64
2024-03-11,11,RS_Puram,Singanallur,2.64,9.8,2.3,1.08,4.68,0.68,Low,Medium,50.56,1.0,0,50.56
2024-03-05,10,RS_Puram,Ukkadam,1.71,10.5,13.7,1.57,4.59,0.63,Medium,High,46.84,1.0,0,46.84
2024-03-10,9,RS_Puram,Gandhipuram,7.01,44.8,13.4,1.51,4.35,0.74,High,Low,68.04,1.0,0,68.04
2024-03-10,18,Saibaba_Colony,Saibaba_Colony,5.18,23.7,2.6,0.99,4.45,0.7,High,High,60.72,1.67,10,111.4
2024-03-12,13,Singanallur,Ukkadam,10.58,55.2,8.4,1.22,4.84,0.62,Medium,Medium,82.32,1.0,0,82.32
2024-03-08,18,Saibaba_Colony,RS_Puram,4.46,13.9,2.7,1.01,4.94,0.85,High,Medium,57.84,1.0,0,57.84
2024-03-13,8,RS_Puram,Ukkadam,1.16,4.8,6.6,0.91,4.41,0.66,Low,Low,44.64,1.0,0,44.64
2024-03-11,10,Gandhipuram,Ukkadam,2.09,12.8,10.6,1.28,4.57,0.68,High,High,48.36,1.0,0,48.36
2024-03-09,7,Ukkadam,Singanallur,3.52,19.1,12.6,1.37,4.58,0.71,Low,Medium,54.08,1.0,0,54.08
2024-03-04,17,Peelamedu,Ukkadam,4.05,20.1,8.5,1.23,4.4,0.65,High,Medium,56.2,1.0,0,56.2
2024-03-10,20,Saibaba_Colony,Singanallur,2.02,8.1,5.0,0.98,4.64,0.66,Low,High,48.08,1.34,20,84.43
2024-03-04,17,Ukkadam,Gandhipuram,5.24,25.2,9.2,1.04,4.76,0.9,Low,Medium,60.96,1.0,0,60.96
2024-03-09,20,RS_Puram,Saibaba_Colony,3.41,16.4,8.9,1.08,4.92,0.83,Medium,High,53.64,1.29,10,79.2
2024-03-06,16,Ukkadam,Saibaba_Colony,12.61,60.1,3.0,1.09,4.66,0.94,High,Low,90.44,1.0,0,90.44
2024-03-03,17,Singanallur,Saibaba_Colony,16.87,85.5,9.2,1.41,4.82,0.84,High,Medium,107.48,1.0,0,107.48
2024-03-07,17,Ukkadam,Gandhipuram,2.46,10.0,5.4,1.35,4.7,0.85,High,High,49.84,1.0,0,49.84
2024-03-01,9,Peelamedu,RS_Puram,9.86,39.3,7.6,0.97,4.52,0.82,Medium,High,79.44,1.29,10,112.48
2024-03-09,21,RS_Puram,Singanallur,3.75,16.7,11.6,1.45,4.6,0.67,High,High,55.0,1.0,0,55.0
2024-03-02,16,Singanallur,Ukkadam,3.83,17.8,7.3,1.43,4.84,0.83,Medium,High,55.32,1.0,0,55.32
2024-03-10,8,Singanallur,Ukkadam,3.02,11.5,9.0,1.0,4.52,0.78,Medium,Medium,52.08,1.0,0,52.08
2024-03-03,10,RS_Puram,Gandhipuram,13.52,77.1,11.1,1.31,4.98,0.69,High,Medium,94.08,1.0,0,94.08
2024-03-12,22,Gandhipuram,Peelamedu,5.81,38.9,5.0,1.35,4.44,0.89,High,Low,63.24,1.0,0,63.24
2024-03-03,21,Peelamedu,Gandhipuram,5.44,23.6,2.9,1.16,4.48,0.88,Low,Medium,61.76,1.0,0,61.76
2024-03-11,18,Gandhipuram,Ukkadam,3.97,17.7,10.1,1.02,5.0,0.86,Medium,Medium,55.88,1.0,0,55.88
2024-03-07,14,Singanallur,Saibaba_Colony,5.23,27.3,11.9,1.57,4.32,0.81,High,Medium,60.92,1.0,0,60.92
2024-03-06,18,Gandhipuram,Singanallur,2.55,14.0,7.6,1.39,4.34,0.93,High,Low,50.2,1.0,0,50.2
2024-03-04,11,Singanallur,Saibaba_Colony,4.5,18.8,5.1,1.34,4.63,0.65,High,Low,58.0,1.0,0,58.0
2024-03-09,9,Saibaba_Colony,Gandhipuram,7.73,26.3,4.9,0.91,4.46,0.9,Medium,High,70.92,1.33,20,114.32
2024-03-09,18,Ukkadam,RS_Puram,4.6,25.5,6.8,1.5,4.5,0.87,Low,High,58.4,1.24,30,102.42
2024-03-02,16,Singanallur,Ukkadam,6.87,41.4,6.4,1.57,4.62,0.86,High,Medium,67.48,1.0,0,67.48
2024-03-10,10,Singanallur,Gandhipuram,5.19,34.9,9.3,1.36,4.33,0.72,Low,High,60.76,1.0,0,60.76
2024-03-09,6,Saibaba_Colony,RS_Puram,2.22,9.2,6.2,1.01,4.44,0.64,High,High,48.88,1.0,0,48.88
2024-03-02,16,Peelamedu,Gandhipuram,5.52,20.5,5.6,0.95,4.96,0.66,Low,Medium,62.08,1.0,0,62.08
2024-03-02,21,RS_Puram,Saibaba_Colony,11.97,57.5,3.0,1.05,4.55,0.72,Low,Medium,87.88,1.0,0,87.88
2024-03-03,22,Peelamedu,Ukkadam,2.27,10.7,6.4,1.04,4.5,0.67,Medium,High,49.08,1.0,0,49.08
2024-03-05,20,Gandhipuram,Singanallur,3.11,23.5,12.4,1.52,4.7,0.61,Medium,High,52.44,1.23,20,84.5
2024-03-14,8,Saibaba_Colony,RS_Puram,3.61,24.0,13.2,1.54,5.0,0.73,Medium,High,54.44,1.59,30,116.56
2024-03-03,16,Peelamedu,Peelamedu,0.61,2.6,7.4,1.04,4.64,0.88,High,High,42.44,1.0,0,42.44
2024-03-14,13,Saibaba_Colony,Peelamedu,14.68,78.2,6.2,1.26,4.23,0.91,Medium,Low,98.72,1.0,0,98.72
2024-03-11,13,RS_Puram,Peelamedu,2.94,16.4,10.7,1.25,4.62,0.71,Medium,Medium,51.76,1.0,0,51.76
2024-03-14,11,RS_Puram,Ukkadam,1.96,12.3,4.7,1.58,4.83,0.85,High,High,47.84,1.0,0,47.84
2024-03-02,9,Ukkadam,RS_Puram,5.56,27.2,13.7,1.6,4.45,0.67,Medium,Medium,62.24,1.0,0,62.24
2024-03-14,10,Gandhipuram,Singanallur,1.28,6.5,12.8,1.58,4.4,0.95,Low,Low,45.12,1.0,0,45.12
2024-03-02,20,Gandhipuram,Singanallur,1.51,9.8,8.4,1.36,4.43,0.69,High,Medium,46.04,1.0,0,46.04
2024-03-12,6,Ukkadam,Gandhipuram,3.03,14.6,7.7,1.07,4.42,0.82,Low,Medium,52.12,1.0,0,52.12
2024-03-06,22,RS_Puram,Singanallur,5.61,27.2,11.0,1.49,4.6,0.71,Medium,Medium,62.44,1.0,0,62.44
2024-03-08,20,Gandhipuram,Peelamedu,3.0,10.9,7.3,1.02,4.7,0.84,High,High,52.0,1.46,20,95.92
2024-03-06,20,Singanallur,Gandhipuram,6.06,28.8,8.7,1.05,4.64,0.83,High,High,64.24,1.33,10,95.44
2024-03-01,11,RS_Puram,Gandhipuram,1.76,9.5,12.2,1.37,4.63,0.79,Low,High,47.04,1.0,0,47.04
2024-03-03,19,Saibaba_Colony,Saibaba_Colony,4.01,24.5,3.7,1.24,4.54,0.85,Medium,Medium,56.04,1.0,0,56.04
2024-03-14,8,Gandhipuram,Peelamedu,7.74,52.5,4.1,1.43,4.49,0.85,Low,Low,70.96,1.0,0,70.96
2024-03-13,9,Ukkadam,Peelamedu,0.56,2.0,4.3,0.97,4.54,0.86,Medium,High,42.24,1.22,20,71.53
2024-03-04,13,Saibaba_Colony,Peelamedu,1.26,7.7,13.1,1.51,4.49,0.69,Low,High,45.04,1.0,0,45.04
2024-03-14,10,RS_Puram,Singanallur,0.74,3.2,8.5,1.08,4.5,0.9,Medium,High,42.96,1.0,0,42.96
2024-03-02,6,Saibaba_Colony,Ukkadam,4.26,12.4,8.5,0.92,4.38,0.72,Medium,Medium,57.04,1.0,0,57.04
2024-03-04,13,Gandhipuram,Singanallur,3.82,27.3,11.1,1.56,4.44,0.68,High,Medium,55.28,1.0,0,55.28
2024-03-12,18,Ukkadam,Saibaba_Colony,5.55,31.1,9.1,1.58,4.78,0.6,Low,Medium,62.2,1.0,0,62.2
2024-03-13,17,Saibaba_Colony,Gandhipuram,3.51,16.1,7.6,1.32,4.32,0.82,High,High,54.04,1.0,0,54.04
2024-03-14,8,RS_Puram,Gandhipuram,0.15,0.8,7.6,1.21,4.66,0.7,High,Low,40.6,1.0,0,40.6
2024-03-07,22,RS_Puram,Peelamedu,5.17,16.8,4.4,1.05,4.48,0.89,High,High,60.68,1.0,0,60.68
2024-03-05,12,Peelamedu,Peelamedu,7.57,42.8,3.1,1.3,4.75,0.66,Medium,High,70.28,1.0,0,70.28
2024-03-08,17,Saibaba_Colony,Saibaba_Colony,3.89,23.8,5.7,1.41,4.36,0.85,Medium,High,55.56,1.0,0,55.56
2024-03-12,10,Singanallur,Singanallur,8.45,23.6,3.7,0.9,4.63,0.84,Low,High,73.8,1.0,0,73.8
2024-03-02,9,Saibaba_Colony,Gandhipuram,2.48,10.8,3.5,1.17,4.9,0.62,Low,High,49.92,1.24,20,81.9
2024-03-09,12,Peelamedu,Ukkadam,2.77,14.2,10.8,1.19,4.61,0.65,High,Medium,51.08,1.0,0,51.08
2024-03-09,12,RS_Puram,Singanallur,18.98,92.9,13.9,1.51,4.61,0.65,Medium,High,115.92,1.0,0,115.92
2024-03-01,14,Peelamedu,RS_Puram,2.2,10.5,7.9,1.2,4.21,0.86,Medium,High,48.8,1.0,0,48.8
2024-03-09,11,Singanallur,Gandhipuram,7.01,40.3,11.0,1.49,4.41,0.88,Low,Low,68.04,1.0,0,68.04
2024-03-12,17,Singanallur,Ukkadam,1.54,10.6,13.6,1.46,4.24,0.8,Low,High,46.16,1.0,0,46.16
2024-03-10,9,RS_Puram,Ukkadam,2.31,11.0,3.9,1.18,4.52,0.87,High,Medium,49.24,1.0,0,49.24
2024-03-04,15,RS_Puram,RS_Puram,4.6,22.9,3.5,1.35,4.26,0.84,High,Low,58.4,1.0,0,58.4
2024-03-05,13,Saibaba_Colony,Ukkadam,2.07,11.9,6.5,1.16,4.44,0.77,High,High,48.28,1.0,0,48.28
2024-03-08,8,Ukkadam,Peelamedu,5.69,27.5,3.5,1.57,4.38,0.61,High,Low,62.76,1.0,0,62.76
2024-03-11,20,Singanallur,RS_Puram,3.1,18.0,6.2,1.24,4.51,0.76,High,High,52.4,1.7,30,119.08
2024-03-09,22,Peelamedu,Peelamedu,0.29,0.9,2.2,0.96,4.6,0.79,Medium,Medium,41.16,1.0,0,41.16
2024-03-13,8,Ukkadam,Saibaba_Colony,5.58,21.0,2.7,1.11,4.35,0.94,Low,High,62.32,1.48,20,112.23
2024-03-03,6,Peelamedu,Ukkadam,1.95,9.9,9.2,1.31,4.09,0.95,Low,High,47.8,1.0,0,47.8
2024-03-12,13,RS_Puram,Gandhipuram,3.31,14.7,8.9,1.13,4.62,0.85,Medium,Low,53.24,1.0,0,53.24
2024-03-06,7,Singanallur,RS_Puram,3.9,26.1,4.3,1.41,4.53,0.88,High,Low,55.6,1.0,0,55.6
2024-03-04,14,Saibaba_Colony,RS_Puram,5.14,25.6,8.6,1.51,4.6,0.9,Medium,High,60.56,1.0,0,60.56
2024-03-07,9,Gandhipuram,Saibaba_Colony,5.56,27.7,5.6,1.1,4.17,0.8,High,High,62.24,1.63,20,121.45
2024-03-14,20,Gandhipuram,Ukkadam,24.71,174.8,5.2,1.44,4.83,0.91,High,High,138.84,1.23,30,200.77
2024-03-06,8,Saibaba_Colony,Singanallur,3.54,18.2,11.4,1.21,4.6,0.84,Medium,Low,54.16,1.0,0,54.16
2024-03-11,8,Singanallur,Ukkadam,3.03,15.0,6.7,1.38,4.47,0.67,Medium,High,52.12,1.68,10,97.56
2024-03-03,13,Saibaba_Colony,Ukkadam,7.62,36.6,3.8,1.6,4.84,0.62,High,Low,70.48,1.0,0,70.48
2024-03-13,13,Singanallur,Singanallur,1.03,7.4,14.2,1.56,4.48,0.74,Medium,Medium,44.12,1.0,0,44.12
2024-03-02,19,Peelamedu,Ukkadam,5.26,17.6,4.9,1.1,5.0,0.8,Medium,Medium,61.04,1.0,0,61.04
2024-03-02,18,Singanallur,Ukkadam,7.25,41.0,4.1,1.57,4.89,0.85,Low,High,69.0,1.23,30,114.87
2024-03-02,18,Ukkadam,Peelamedu,4.18,27.1,7.1,1.37,4.44,0.69,Low,Medium,56.72,1.0,0,56.72
2024-03-06,12,Ukkadam,Singanallur,2.82,14.8,12.1,1.23,4.27,0.83,Medium,High,51.28,1.0,0,51.28
2024-03-06,22,Ukkadam,Ukkadam,9.38,51.3,12.0,1.4,5.0,0.78,Medium,Low,77.52,1.0,0,77.52
2024-03-02,19,Singanallur,Ukkadam,7.4,45.0,9.1,1.48,4.68,0.69,High,Low,69.6,1.0,0,69.6
2024-03-07,19,Saibaba_Colony,RS_Puram,2.73,18.4,6.3,1.52,4.43,0.67,Low,High,50.92,1.59,20,100.96
2024-03-02,11,Saibaba_Colony,Gandhipuram,3.51,21.1,7.2,1.53,4.64,0.9,Low,Medium,54.04,1.0,0,54.04
2024-03-04,9,Ukkadam,RS_Puram,1.61,9.5,7.7,1.54,4.64,0.64,Medium,High,46.44,1.22,30,86.66
2024-03-13,6,RS_Puram,Saibaba_Colony,5.84,39.4,4.8,1.55,4.71,0.66,Medium,High,63.36,1.0,0,63.36
2024-03-08,17,Ukkadam,Peelamedu,3.11,15.0,4.1,0.99,5.0,0.95,High,Medium,52.44,1.0,0,52.44
2024-03-01,10,RS_Puram,Ukkadam,2.98,17.6,7.3,1.25,4.66,0.87,High,High,51.92,1.0,0,51.92
2024-03-09,12,Ukkadam,Saibaba_Colony,2.01,13.4,12.7,1.44,4.72,0.77,High,Low,48.04,1.0,0,48.04
2024-03-08,6,RS_Puram,Ukkadam,1.47,6.6,7.5,1.46,4.63,0.76,Low,High,45.88,1.0,0,45.88
2024-03-01,9,Peelamedu,Gandhipuram,3.16,13.1,8.2,0.96,4.65,0.63,Medium,Low,52.64,1.0,0,52.64
2024-03-10,19,Saibaba_Colony,Ukkadam,11.0,55.0,8.2,1.07,4.43,0.92,Medium,High,84.0,1.33,10,121.72
2024-03-13,16,Saibaba_Colony,Singanallur,9.34,53.5,12.2,1.51,4.26,0.68,Low,High,77.36,1.0,0,77.36
2024-03-12,17,Ukkadam,Peelamedu,3.19,14.3,8.4,0.99,4.53,0.61,High,Medium,52.76,1.0,0,52.76
2024-03-05,6,Ukkadam,Peelamedu,2.58,15.7,9.3,1.42,4.98,0.79,Medium,Medium,50.32,1.0,0,50.32
2024-03-04,20,RS_Puram,RS_Puram,7.25,46.3,9.4,1.37,4.41,0.65,Medium,High,69.0,1.65,10,123.85
2024-03-13,14,Saibaba_Colony,Ukkadam,2.37,14.6,3.9,1.56,4.77,0.95,High,Medium,49.48,1.0,0,49.48
2024-03-07,10,RS_Puram,RS_Puram,12.91,70.3,8.2,1.27,4.47,0.85,Low,High,91.64,1.0,0,91.64
2024-03-07,15,Singanallur,Singanallur,6.55,36.4,6.4,1.53,4.6,0.92,Medium,High,66.2,1.0,0,66.2
2024-03-12,16,Saibaba_Colony,Saibaba_Colony,5.51,28.8,4.7,1.08,4.8,0.85,Medium,Low,62.04,1.0,0,62.04
2024-03-02,22,Singanallur,Singanallur,3.93,21.1,3.7,1.55,4.26,0.87,Low,High,55.72,1.0,0,55.72
2024-03-13,19,Peelamedu,Peelamedu,2.25,9.9,5.4,0.95,4.16,0.62,Medium,Low,49.0,1.0,0,49.0
2024-03-14,11,Ukkadam,Saibaba_Colony,11.33,42.5,10.6,1.21,4.51,0.94,High,High,85.32,1.0,0,85.32
2024-03-04,8,Gandhipuram,Gandhipuram,6.37,39.1,7.7,1.25,4.56,0.92,High,Low,65.48,1.0,0,65.48
2024-03-07,11,Ukkadam,Saibaba_Colony,6.2,40.6,13.0,1.34,4.48,0.78,Medium,Low,64.8,1.0,0,64.8
2024-03-02,7,Singanallur,Gandhipuram,3.9,19.5,10.2,1.43,4.35,0.83,High,Low,55.6,1.0,0,55.6
2024-03-11,17,Gandhipuram,Ukkadam,1.29,5.5,7.1,0.91,4.72,0.63,Medium,Medium,45.16,1.0,0,45.16
2024-03-05,8,Saibaba_Colony,RS_Puram,4.14,25.1,10.8,1.53,4.72,0.63,Medium,High,56.56,1.22,10,79.0
2024-03-03,22,Peelamedu,RS_Puram,7.24,33.0,8.0,1.21,4.31,0.75,Medium,High,68.96,1.0,0,68.96
2024-03-01,6,Ukkadam,Peelamedu,0.93,2.9,3.5,1.03,4.61,0.9,Medium,Medium,43.72,1.0,0,43.72
2024-03-13,14,RS_Puram,Singanallur,0.91,5.8,12.7,1.57,5.0,0.7,High,High,43.64,1.0,0,43.64
2024-03-12,12,Singanallur,Saibaba_Colony,10.58,64.7,5.6,1.53,4.52,0.81,High,Medium,82.32,1.0,0,82.32
2024-03-09,21,Singanallur,Ukkadam,3.09,11.0,10.8,1.13,4.69,0.78,Medium,Low,52.36,1.0,0,52.36
2024-03-03,20,Ukkadam,RS_Puram,2.81,18.8,10.6,1.47,4.79,0.65,Medium,Medium,51.24,1.0,0,51.24
2024-03-09,22,Singanallur,Ukkadam,2.58,10.8,10.4,1.28,4.27,0.6,High,Medium,50.32,1.0,0,50.32
2024-03-09,11,Ukkadam,RS_Puram,1.55,4.4,7.4,0.94,4.38,0.94,High,Low,46.2,1.0,0,46.2
2024-03-06,9,Gandhipuram,Ukkadam,3.41,17.7,10.9,1.42,4.83,0.89,High,Low,53.64,1.0,0,53.64
2024-03-14,21,Peelamedu,Singanallur,2.52,16.7,4.0,1.53,4.88,0.79,High,High,50.08,1.0,0,50.08
2024-03-10,7,Gandhipuram,RS_Puram,6.28,32.2,9.9,1.45,4.62,0.7,Medium,Medium,65.12,1.0,0,65.12
2024-03-09,10,RS_Puram,RS_Puram,14.5,68.4,8.4,0.97,5.0,0.84,Medium,High,98.0,1.0,0,98.0
2024-03-07,11,Peelamedu,Saibaba_Colony,8.75,47.8,13.0,1.54,4.78,0.67,Medium,High,75.0,1.0,0,75.0
2024-03-13,11,Gandhipuram,Ukkadam,8.6,47.6,6.7,1.13,4.79,0.73,Medium,Medium,74.4,1.0,0,74.4
2024-03-04,9,RS_Puram,Saibaba_Colony,3.98,20.5,10.0,1.17,4.69,0.79,Medium,Low,55.92,1.0,0,55.92
2024-03-01,13,Peelamedu,Gandhipuram,13.23,41.8,7.9,0.94,4.61,0.79,Low,Low,92.92,1.0,0,92.92
2024-03-12,21,Saibaba_Colony,RS_Puram,1.5,6.5,8.3,0.99,4.4,0.69,Medium,Medium,46.0,1.0,0,46.0
2024-03-08,8,Ukkadam,RS_Puram,4.25,21.2,5.2,1.5,4.62,0.61,High,High,57.0,1.4,30,109.8
2024-03-05,17,Gandhipuram,Ukkadam,9.46,39.5,11.0,1.33,4.43,0.7,Medium,Low,77.84,1.0,0,77.84
2024-03-09,10,Saibaba_Colony,RS_Puram,2.74,11.9,7.5,0.95,4.35,0.64,Low,High,50.96,1.0,0,50.96
2024-03-07,15,RS_Puram,Saibaba_Colony,4.08,20.1,9.8,1.54,4.55,0.94,High,Low,56.32,1.0,0,56.32
2024-03-09,10,Saibaba_Colony,RS_Puram,1.16,3.8,7.0,1.03,4.67,0.78,Low,Low,44.64,1.0,0,44.64
2024-03-03,21,Ukkadam,Gandhipuram,13.6,76.4,4.5,1.34,4.7,0.92,Medium,Low,94.4,1.0,0,94.4
2024-03-04,14,Saibaba_Colony,RS_Puram,12.24,41.5,2.0,0.96,4.87,0.94,Medium,High,88.96,1.0,0,88.96
2024-03-11,15,Ukkadam,Ukkadam,7.59,32.4,2.5,1.22,4.95,0.66,Low,Medium,70.36,1.0,0,70.36
2024-03-03,15,Singanallur,Singanallur,1.03,5.8,6.8,1.33,4.89,0.93,Low,High,44.12,1.0,0,44.12
2024-03-09,9,Ukkadam,Ukkadam,6.96,48.6,5.8,1.56,4.42,0.83,Medium,Low,67.84,1.0,0,67.84
2024-03-10,8,Ukkadam,Singanallur,5.07,29.9,15.2,1.52,4.66,0.68,High,Low,60.28,1.0,0,60.28
2024-03-11,14,Saibaba_Colony,Gandhipuram,2.75,14.0,8.5,1.07,4.65,0.6,High,Medium,51.0,1.0,0,51.0
2024-03-01,19,Gandhipuram,Ukkadam,12.45,59.0,2.9,1.09,4.54,0.93,Medium,High,89.8,1.62,10,155.48
2024-03-06,9,RS_Puram,Peelamedu,1.08,7.5,12.3,1.55,4.64,0.78,Low,Low,44.32,1.0,0,44.32
2024-03-03,19,RS_Puram,Gandhipuram,4.68,19.2,5.7,1.16,4.75,0.91,High,Low,58.72,1.0,0,58.72
2024-03-09,7,Saibaba_Colony,RS_Puram,7.46,38.8,9.6,1.34,4.4,0.93,Medium,Medium,69.84,1.0,0,69.84
2024-03-12,7,Ukkadam,Gandhipuram,5.86,30.6,6.6,1.25,4.87,0.76,Low,Low,63.44,1.0,0,63.44
2024-03-08,9,Peelamedu,Singanallur,8.19,32.8,9.9,1.05,4.4,0.64,Medium,High,72.76,1.46,20,126.23
2024-03-01,15,Singanallur,Peelamedu,7.59,46.1,13.2,1.56,4.79,0.6,High,Medium,70.36,1.0,0,70.36
2024-03-12,15,Peelamedu,Peelamedu,1.15,6.7,5.7,1.27,4.34,0.92,High,Low,44.6,1.0,0,44.6
2024-03-05,9,Peelamedu,Peelamedu,1.07,5.2,12.4,1.34,4.44,0.63,Low,Low,44.28,1.0,0,44.28
2024-03-13,8,Ukkadam,Saibaba_Colony,10.8,45.4,6.5,1.14,4.62,0.75,Medium,High,83.2,1.21,20,120.67
2024-03-09,20,RS_Puram,Peelamedu,6.23,27.6,4.6,1.37,4.42,0.6,Medium,Low,64.92,1.0,0,64.92
2024-03-02,10,Gandhipuram,Singanallur,1.3,5.6,4.7,1.41,4.61,0.91,High,Low,45.2,1.0,0,45.2
2024-03-14,15,Singanallur,Gandhipuram,1.75,8.5,4.5,1.34,4.64,0.69,Low,Low,47.0,1.0,0,47.0
2024-03-03,20,Peelamedu,RS_Puram,5.06,32.4,12.7,1.42,4.61,0.84,Low,High,60.24,1.41,10,94.94
2024-03-10,6,Ukkadam,Saibaba_Colony,6.12,19.4,9.9,1.04,4.21,0.84,Medium,Low,64.48,1.0,0,64.48
2024-03-05,12,RS_Puram,Singanallur,1.71,8.2,3.6,1.0,4.73,0.78,Medium,High,46.84,1.0,0,46.84
2024-03-05,6,Ukkadam,Gandhipuram,19.64,78.2,3.7,0.91,4.38,0.6,High,Medium,118.56,1.0,0,118.56
2024-03-12,14,Ukkadam,Saibaba_Colony,5.49,27.7,5.9,1.27,4.68,0.88,Medium,Medium,61.96,1.0,0,61.96
2024-03-14,7,Singanallur,RS_Puram,3.2,16.2,2.5,1.18,4.6,0.7,Low,High,52.8,1.0,0,52.8
2024-03-02,13,Singanallur,Peelamedu,7.55,35.7,10.9,1.51,4.15,0.63,Low,High,70.2,1.0,0,70.2
2024-03-02,18,Gandhipuram,Peelamedu,0.57,3.1,7.3,1.46,4.72,0.62,Low,Medium,42.28,1.0,0,42.28
2024-03-14,9,Peelamedu,RS_Puram,7.78,28.6,4.6,1.22,4.85,0.83,Medium,Low,71.12,1.0,0,71.12
2024-03-01,14,Gandhipuram,RS_Puram,6.41,18.1,7.3,0.9,4.73,0.8,Medium,High,65.64,1.0,0,65.64
2024-03-05,21,Saibaba_Colony,Peelamedu,4.44,27.6,10.0,1.43,4.88,0.86,Medium,Medium,57.76,1.0,0,57.76
2024-03-07,14,Saibaba_Colony,RS_Puram,1.53,7.3,6.2,1.14,4.53,0.87,High,Medium,46.12,1.0,0,46.12
2024-03-10,10,Peelamedu,Singanallur,2.1,11.9,6.5,1.28,4.81,0.81,Low,High,48.4,1.0,0,48.4
2024-03-09,13,Gandhipuram,Saibaba_Colony,8.01,44.1,4.1,1.32,4.77,0.76,Medium,Medium,72.04,1.0,0,72.04
2024-03-07,22,Peelamedu,Saibaba_Colony,1.54,7.2,5.0,1.09,4.78,0.69,Medium,High,46.16,1.0,0,46.16
2024-03-12,19,Singanallur,Saibaba_Colony,0.93,4.5,8.6,1.05,4.72,0.87,Medium,Low,43.72,1.0,0,43.72
2024-03-06,10,Ukkadam,Saibaba_Colony,2.98,14.9,7.6,1.42,4.5,0.91,High,High,51.92,1.0,0,51.92
2024-03-05,19,RS_Puram,Saibaba_Colony,6.77,33.9,12.6,1.37,4.54,0.95,High,High,67.08,1.61,20,128.0
2024-03-02,13,Gandhipuram,Gandhipuram,2.28,12.2,4.9,1.07,4.63,0.86,Low,High,49.12,1.0,0,49.12
2024-03-13,15,Peelamedu,Ukkadam,18.13,59.3,8.7,0.9,4.36,0.91,Low,Medium,112.52,1.0,0,112.52
2024-03-05,16,Singanallur,RS_Puram,3.45,9.5,8.5,0.91,4.49,0.85,High,Low,53.8,1.0,0,53.8
2024-03-04,20,Peelamedu,Ukkadam,0.68,2.7,9.0,1.26,4.29,0.86,Low,High,42.72,1.54,30,95.79
2024-03-13,16,Ukkadam,RS_Puram,8.58,42.1,9.1,1.31,4.64,0.82,High,Medium,74.32,1.0,0,74.32
2024-03-05,17,Peelamedu,RS_Puram,3.79,19.0,12.0,1.25,4.82,0.89,Low,Medium,55.16,1.0,0,55.16
2024-03-11,16,Peelamedu,Saibaba_Colony,14.25,62.5,4.3,1.02,4.6,0.65,High,High,97.0,1.0,0,97.0
2024-03-07,9,Gandhipuram,Peelamedu,1.19,4.4,8.9,1.19,5.0,0.61,Low,Low,44.76,1.0,0,44.76
2024-03-11,16,Peelamedu,Gandhipuram,13.84,72.2,11.7,1.22,4.51,0.91,Medium,Medium,95.36,1.0,0,95.36
2024-03-02,10,Singanallur,Saibaba_Colony,2.41,11.4,10.0,1.48,4.64,0.85,Medium,Low,49.64,1.0,0,49.64
2024-03-13,13,RS_Puram,Gandhipuram,4.87,22.6,7.2,1.06,4.75,0.78,High,Medium,59.48,1.0,0,59.48
2024-03-11,20,Peelamedu,Singanallur,9.43,42.3,5.0,1.38,4.5,0.68,Low,Medium,77.72,1.0,0,77.72
2024-03-01,20,Ukkadam,Saibaba_Colony,6.34,27.2,6.3,1.32,4.63,0.75,High,High,65.36,1.4,30,121.5
2024-03-01,15,RS_Puram,Peelamedu,3.54,18.9,6.0,1.56,4.45,0.76,Medium,Low,54.16,1.0,0,54.16
2024-03-06,15,RS_Puram,Peelamedu,9.54,30.2,2.8,0.95,4.09,0.6,Low,Low,78.16,1.0,0,78.16
2024-03-07,13,RS_Puram,Peelamedu,1.28,6.3,5.2,1.05,4.72,0.72,Low,High,45.12,1.0,0,45.12
2024-03-13,9,RS_Puram,Gandhipuram,3.06,15.2,3.4,1.05,4.67,0.63,Medium,Medium,52.24,1.0,0,52.24
2024-03-02,16,Ukkadam,Gandhipuram,3.11,16.1,4.1,1.29,4.66,0.82,Low,High,52.44,1.0,0,52.44
2024-03-12,22,Peelamedu,Ukkadam,4.04,17.4,5.9,1.21,4.64,0.67,Medium,High,56.16,1.0,0,56.16
2024-03-09,21,Peelamedu,Saibaba_Colony,4.75,29.7,2.7,1.28,4.39,0.78,High,Low,59.0,1.0,0,59.0
2024-03-13,21,Singanallur,RS_Puram,13.39,58.9,11.4,1.36,4.72,0.64,Low,High,93.56,1.0,0,93.56
2024-03-07,9,Peelamedu,Saibaba_Colony,7.92,43.7,7.2,1.19,4.61,0.86,Medium,Medium,71.68,1.0,0,71.68
2024-03-12,19,Peelamedu,Ukkadam,5.2,30.3,4.2,1.35,4.3,0.8,Low,Medium,60.8,1.0,0,60.8
2024-03-12,8,Ukkadam,RS_Puram,5.76,29.4,10.2,1.05,4.51,0.8,High,Low,63.04,1.0,0,63.04
2024-03-09,11,Gandhipuram,Peelamedu,2.67,12.7,10.2,1.16,4.84,0.88,High,Low,50.68,1.0,0,50.68
2024-03-14,14,Gandhipuram,Peelamedu,18.38,89.4,7.5,1.08,5.0,0.81,Medium,Medium,113.52,1.0,0,113.52
2024-03-01,18,Ukkadam,Singanallur,5.54,21.1,4.1,1.06,4.27,0.93,Low,Low,62.16,1.0,0,62.16
2024-03-07,19,RS_Puram,Singanallur,7.05,42.4,8.1,1.33,4.8,0.85,High,Low,68.2,1.0,0,68.2
2024-03-13,19,Ukkadam,RS_Puram,2.52,15.8,13.7,1.48,4.38,0.78,Low,Low,50.08,1.0,0,50.08
2024-03-05,6,Peelamedu,Peelamedu,6.63,36.5,8.6,1.5,4.75,0.87,Medium,Medium,66.52,1.0,0,66.52
2024-03-09,13,Gandhipuram,Peelamedu,2.96,12.3,8.8,1.1,4.37,0.64,High,Medium,51.84,1.0,0,51.84
2024-03-01,6,Ukkadam,Saibaba_Colony,6.79,27.4,2.7,1.07,4.97,0.61,Low,Medium,67.16,1.0,0,67.16
2024-03-03,13,Peelamedu,Ukkadam,2.29,16.2,10.6,1.44,4.36,0.93,High,Medium,49.16,1.0,0,49.16
2024-03-12,22,Peelamedu,Saibaba_Colony,2.49,14.2,8.2,1.36,4.42,0.72,High,High,49.96,1.0,0,49.96
2024-03-01,16,Saibaba_Colony,Gandhipuram,14.11,59.4,6.3,1.14,4.5,0.88,Low,High,96.44,1.0,0,96.44
2024-03-12,8,Ukkadam,RS_Puram,7.56,37.7,6.3,1.0,4.51,0.94,High,Medium,70.24,1.0,0,70.24
2024-03-08,21,Peelamedu,Peelamedu,2.81,15.2,5.1,1.22,4.51,0.72,Low,High,51.24,1.0,0,51.24
2024-03-13,7,Saibaba_Colony,Peelamedu,5.08,17.6,4.5,1.03,4.75,0.64,High,Low,60.32,1.0,0,60.32
2024-03-11,21,Gandhipuram,Gandhipuram,8.86,57.0,12.8,1.45,4.58,0.72,Medium,Medium,75.44,1.0,0,75.44
2024-03-12,9,Saibaba_Colony,Gandhipuram,1.52,5.7,5.3,1.12,4.78,0.75,Medium,Medium,46.08,1.0,0,46.08
2024-03-01,6,Singanallur,Ukkadam,5.28,23.1,6.9,0.98,4.63,0.8,High,High,61.12,1.0,0,61.12
2024-03-10,10,Peelamedu,Saibaba_Colony,4.31,23.5,7.1,1.15,4.55,0.84,High,High,57.24,1.0,0,57.24
2024-03-08,15,Peelamedu,Peelamedu,3.78,16.8,3.3,1.13,4.62,0.94,Low,Low,55.12,1.0,0,55.12
2024-03-13,10,Gandhipuram,Saibaba_Colony,11.23,46.1,5.9,0.95,4.72,0.64,Low,Low,84.92,1.0,0,84.92
2024-03-10,18,Saibaba_Colony,Ukkadam,5.34,34.5,5.3,1.3,4.57,0.94,Low,High,61.36,1.42,20,107.13
2024-03-02,17,Ukkadam,Saibaba_Colony,1.57,9.6,10.1,1.27,4.64,0.63,Medium,High,46.28,1.0,0,46.28
2024-03-03,18,Peelamedu,Ukkadam,1.39,7.5,13.6,1.46,4.64,0.8,High,Medium,45.56,1.0,0,45.56
2024-03-14,20,Gandhipuram,RS_Puram,11.09,39.4,3.6,1.0,4.69,0.61,High,High,84.36,1.54,30,159.91
2024-03-10,22,Ukkadam,Singanallur,6.59,27.4,8.6,1.19,4.63,0.82,Low,Medium,66.36,1.0,0,66.36
2024-03-04,22,Peelamedu,Gandhipuram,2.9,18.1,12.7,1.55,4.71,0.62,Low,Low,51.6,1.0,0,51.6
2024-03-03,22,Ukkadam,Ukkadam,7.03,29.4,6.2,1.35,4.38,0.75,Medium,Low,68.12,1.0,0,68.12
2024-03-07,16,Gandhipuram,Peelamedu,11.73,75.1,6.6,1.57,4.53,0.68,Low,Low,86.92,1.0,0,86.92
2024-03-14,9,Ukkadam,Gandhipuram,2.91,16.6,3.6,1.29,4.49,0.71,Low,Low,51.64,1.0,0,51.64
2024-03-11,14,RS_Puram,Saibaba_Colony,0.3,1.2,3.1,1.12,4.47,0.71,High,High,41.2,1.0,0,41.2
2024-03-02,10,Singanallur,RS_Puram,1.42,8.9,3.0,1.45,4.18,0.93,High,Medium,45.68,1.0,0,45.68
2024-03-13,19,Saibaba_Colony,Ukkadam,4.18,14.3,6.3,0.98,4.92,0.7,Medium,Medium,56.72,1.0,0,56.72
2024-03-10,11,RS_Puram,Gandhipuram,3.87,16.1,8.3,1.13,4.68,0.88,Low,Medium,55.48,1.0,0,55.48
2024-03-06,6,RS_Puram,Gandhipuram,2.28,8.2,8.1,1.18,4.77,0.83,Medium,High,49.12,1.0,0,49.12
2024-03-01,22,RS_Puram,Saibaba_Colony,3.56,19.1,9.1,1.11,4.79,0.65,Medium,Medium,54.24,1.0,0,54.24
2024-03-08,21,Gandhipuram,Peelamedu,6.65,29.6,10.2,1.21,4.77,0.62,Low,Medium,66.6,1.0,0,66.6
2024-03-03,21,Saibaba_Colony,Peelamedu,3.07,15.0,5.4,1.01,4.5,0.62,Medium,Low,52.28,1.0,0,52.28
2024-03-11,21,Saibaba_Colony,Saibaba_Colony,3.11,12.2,10.8,1.3,4.58,0.71,Low,Medium,52.44,1.0,0,52.44
2024-03-10,17,RS_Puram,Gandhipuram,3.79,17.7,7.5,1.15,4.6,0.86,Low,Low,55.16,1.0,0,55.16
2024-03-07,19,Saibaba_Colony,Peelamedu,3.6,12.9,4.7,1.04,4.43,0.69,Medium,High,54.4,1.24,20,87.46
2024-03-10,21,Gandhipuram,Peelamedu,4.64,17.2,4.8,1.04,4.5,0.83,Low,High,58.56,1.0,0,58.56
2024-03-04,10,Saibaba_Colony,RS_Puram,14.07,68.1,5.2,1.41,4.57,0.7,High,High,96.28,1.0,0,96.28
2024-03-07,11,Saibaba_Colony,RS_Puram,1.72,9.1,7.6,1.14,4.55,0.72,High,High,46.88,1.0,0,46.88
2024-03-02,18,Singanallur,Peelamedu,1.27,4.4,7.7,1.07,4.38,0.91,High,Medium,45.08,1.0,0,45.08
2024-03-09,14,Saibaba_Colony,Peelamedu,5.87,23.1,12.7,1.28,5.0,0.61,Low,Medium,63.48,1.0,0,63.48
2024-03-09,15,RS_Puram,Peelamedu,9.59,51.3,12.4,1.25,4.46,0.87,High,High,78.36,1.0,0,78.36
2024-03-11,15,Ukkadam,Saibaba_Colony,6.92,28.3,11.4,1.2,4.22,0.84,High,High,67.68,1.0,0,67.68
2024-03-01,16,Singanallur,Ukkadam,1.79,8.1,11.5,1.29,4.46,0.64,Low,Low,47.16,1.0,0,47.16
2024-03-10,16,Ukkadam,Saibaba_Colony,7.8,54.0,10.7,1.59,4.69,0.81,Medium,Medium,71.2,1.0,0,71.2
2024-03-02,11,Saibaba_Colony,Peelamedu,4.08,14.9,7.3,1.0,4.53,0.83,Medium,High,56.32,1.0,0,56.32
2024-03-05,21,Gandhipuram,Ukkadam,5.48,28.7,3.6,1.05,4.46,0.81,Medium,Low,61.92,1.0,0,61.92
2024-03-12,13,Ukkadam,Saibaba_Colony,4.43,20.5,5.8,0.99,4.54,0.87,Low,High,57.72,1.0,0,57.72
2024-03-03,9,Ukkadam,Gandhipuram,8.34,26.4,9.3,1.02,4.35,0.8,High,Low,73.36,1.0,0,73.36
2024-03-13,12,Singanallur,Saibaba_Colony,0.77,3.7,3.9,1.25,4.81,0.85,High,Low,43.08,1.0,0,43.08
2024-03-04,19,RS_Puram,Ukkadam,7.67,46.3,5.8,1.45,4.5,0.86,Low,Medium,70.68,1.0,0,70.68
2024-03-11,10,Gandhipuram,Peelamedu,9.43,57.2,6.2,1.36,4.95,0.83,Medium,Low,77.72,1.0,0,77.72
2024-03-14,12,Ukkadam,Peelamedu,3.9,18.5,7.1,0.99,4.0,0.7,Medium,Medium,55.6,1.0,0,55.6
2024-03-14,20,Peelamedu,Singanallur,1.44,10.1,13.9,1.52,4.64,0.89,Medium,Low,45.76,1.0,0,45.76
2024-03-05,14,Saibaba_Colony,Ukkadam,2.89,18.6,4.9,1.29,4.84,0.74,Medium,Low,51.56,1.0,0,51.56
2024-03-01,17,Gandhipuram,Ukkadam,10.63,51.5,6.5,0.97,4.1,0.88,High,Medium,82.52,1.0,0,82.52
2024-03-10,20,Ukkadam,Ukkadam,9.07,44.6,5.5,1.12,4.59,0.86,Low,High,76.28,1.53,30,146.71
2024-03-12,17,Ukkadam,Ukkadam,7.23,46.9,3.6,1.3,4.48,0.87,Low,Medium,68.92,1.0,0,68.92
2024-03-13,20,Gandhipuram,Peelamedu,3.11,20.4,3.8,1.33,4.68,0.77,Low,Medium,52.44,1.0,0,52.44
2024-03-11,18,Peelamedu,Peelamedu,4.83,21.4,9.1,1.28,4.42,0.89,High,High,59.32,1.22,20,92.37
2024-03-11,11,Singanallur,RS_Puram,7.87,39.3,7.2,1.08,4.29,0.86,High,Low,71.48,1.0,0,71.48
2024-03-08,12,RS_Puram,Gandhipuram,1.13,6.3,6.6,1.35,4.57,0.92,Low,Low,44.52,1.0,0,44.52
2024-03-14,21,RS_Puram,Singanallur,7.16,29.3,4.9,0.94,4.8,0.86,Low,Low,68.64,1.0,0,68.64
2024-03-14,16,Gandhipuram,Peelamedu,10.72,51.7,5.5,1.16,4.65,0.89,High,Medium,82.88,1.0,0,82.88
2024-03-13,6,Peelamedu,Gandhipuram,5.83,28.4,6.0,1.25,4.4,0.74,Low,Low,63.32,1.0,0,63.32
2024-03-14,11,Gandhipuram,Saibaba_Colony,2.27,8.3,10.0,1.17,4.99,0.93,Low,Low,49.08,1.0,0,49.08
2024-03-06,22,RS_Puram,Gandhipuram,3.92,25.6,8.2,1.57,4.36,0.72,High,Medium,55.68,1.0,0,55.68
2024-03-01,17,Ukkadam,Peelamedu,6.02,22.0,7.5,1.17,4.45,0.81,Low,Medium,64.08,1.0,0,64.08
2024-03-09,8,Ukkadam,Peelamedu,1.97,8.4,6.6,0.98,4.39,0.65,Low,High,47.88,1.29,10,71.77
2024-03-13,21,RS_Puram,Peelamedu,3.21,16.8,5.9,1.29,4.79,0.76,Medium,Low,52.84,1.0,0,52.84
2024-03-09,9,RS_Puram,Saibaba_Colony,8.44,32.6,4.6,1.04,4.47,0.67,High,Low,73.76,1.0,0,73.76
2024-03-13,6,Gandhipuram,RS_Puram,11.39,50.7,6.1,1.13,4.28,0.95,High,High,85.56,1.0,0,85.56
2024-03-14,15,Ukkadam,Ukkadam,2.35,12.5,6.3,1.24,4.52,0.62,High,Low,49.4,1.0,0,49.4
2024-03-03,12,Gandhipuram,Singanallur,1.23,5.8,13.1,1.53,4.49,0.89,Medium,High,44.92,1.0,0,44.92
2024-03-02,9,RS_Puram,Gandhipuram,5.04,24.7,9.5,1.15,4.88,0.81,Low,High,60.16,1.41,10,94.83
2024-03-14,12,Singanallur,Singanallur,6.31,28.1,3.3,1.32,4.34,0.81,Low,High,65.24,1.0,0,65.24
2024-03-10,15,Gandhipuram,Peelamedu,10.71,45.0,10.2,1.28,4.31,0.69,Medium,High,82.84,1.0,0,82.84
2024-03-03,11,Saibaba_Colony,Peelamedu,3.15,14.6,2.4,1.17,4.72,0.61,Low,Medium,52.6,1.0,0,52.6
2024-03-08,21,Ukkadam,Saibaba_Colony,4.69,18.9,3.6,1.3,4.8,0.62,High,High,58.76,1.0,0,58.76
2024-03-09,22,Peelamedu,Ukkadam,2.78,12.5,4.1,1.35,4.76,0.64,Medium,Medium,51.12,1.0,0,51.12
2024-03-14,14,Singanallur,RS_Puram,4.7,14.8,9.6,1.02,4.53,0.63,Low,High,58.8,1.0,0,58.8
2024-03-12,20,Ukkadam,Gandhipuram,8.06,47.7,2.8,1.19,4.97,0.94,High,High,72.24,1.47,20,126.19
2024-03-08,21,Ukkadam,RS_Puram,1.24,5.1,3.6,0.98,4.59,0.81,Medium,Medium,44.96,1.0,0,44.96
2024-03-13,20,Gandhipuram,Ukkadam,3.6,25.5,15.4,1.55,4.53,0.68,Low,Medium,54.4,1.0,0,54.4
2024-03-14,19,Ukkadam,RS_Puram,2.75,20.2,5.1,1.48,4.33,0.88,High,Low,51.0,1.0,0,51.0
2024-03-02,17,Singanallur,Peelamedu,12.49,81.2,12.6,1.41,4.25,0.62,Low,Low,89.96,1.0,0,89.96
2024-03-10,8,Peelamedu,Gandhipuram,9.81,39.6,10.0,1.0,4.16,0.65,Medium,Low,79.24,1.0,0,79.24
2024-03-03,18,Ukkadam,Ukkadam,10.33,39.2,4.8,0.99,4.37,0.81,High,Medium,81.32,1.0,0,81.32
2024-03-07,20,Singanallur,Saibaba_Colony,19.18,66.3,8.0,1.01,4.33,0.61,High,Low,116.72,1.0,0,116.72
2024-03-10,12,Saibaba_Colony,RS_Puram,0.82,4.9,12.1,1.45,4.69,0.86,High,Low,43.28,1.0,0,43.28
2024-03-13,18,Saibaba_Colony,Saibaba_Colony,6.37,33.8,4.2,1.21,4.55,0.71,Low,High,65.48,1.41,20,112.33
2024-03-11,11,Singanallur,Peelamedu,2.34,9.3,2.4,0.96,4.54,0.61,High,Medium,49.36,1.0,0,49.36
2024-03-01,18,Peelamedu,RS_Puram,1.16,4.1,7.2,1.08,4.77,0.71,Medium,High,44.64,1.51,30,97.41
2024-03-07,21,RS_Puram,Singanallur,2.03,7.6,9.2,1.11,4.37,0.73,Low,Medium,48.12,1.0,0,48.12
2024-03-09,18,Ukkadam,Peelamedu,13.95,58.0,4.4,1.31,4.36,0.78,Low,Low,95.8,1.0,0,95.8
2024-03-04,14,RS_Puram,Ukkadam,8.29,39.3,5.4,1.32,4.54,0.72,High,Medium,73.16,1.0,0,73.16
2024-03-09,10,Peelamedu,Ukkadam,13.82,82.0,12.2,1.22,4.75,0.85,Low,High,95.28,1.0,0,95.28
2024-03-09,13,Saibaba_Colony,RS_Puram,3.03,12.3,12.5,1.35,4.57,0.61,High,High,52.12,1.0,0,52.12
2024-03-04,18,RS_Puram,Saibaba_Colony,7.24,36.0,7.2,1.37,4.44,0.67,High,Low,68.96,1.0,0,68.96
2024-03-08,12,Peelamedu,Saibaba_Colony,0.91,2.9,3.1,0.96,4.32,0.71,Low,Medium,43.64,1.0,0,43.64
2024-03-07,22,Peelamedu,Ukkadam,3.93,18.0,5.1,1.03,4.7,0.65,High,Medium,55.72,1.0,0,55.72
2024-03-11,10,Peelamedu,Saibaba_Colony,0.91,4.4,9.8,1.06,4.47,0.73,High,Low,43.64,1.0,0,43.64
2024-03-09,17,Peelamedu,Ukkadam,3.17,18.2,7.2,1.53,4.67,0.62,High,Low,52.68,1.0,0,52.68
2024-03-06,13,Saibaba_Colony,Singanallur,4.78,28.8,13.8,1.47,4.45,0.9,Medium,Medium,59.12,1.0,0,59.12
2024-03-10,7,Gandhipuram,RS_Puram,2.93,13.9,4.2,1.09,4.78,0.69,High,High,51.72,1.0,0,51.72
2024-03-14,7,Singanallur,Peelamedu,2.02,6.6,9.0,0.94,4.58,0.9,Medium,High,48.08,1.0,0,48.08
2024-03-06,12,Ukkadam,Ukkadam,8.45,29.3,8.9,0.99,4.77,0.66,Low,High,73.8,1.0,0,73.8
2024-03-08,12,Singanallur,Peelamedu,9.32,43.5,12.2,1.4,4.58,0.79,High,High,77.28,1.0,0,77.28
2024-03-02,9,Singanallur,Ukkadam,3.47,22.4,12.3,1.3,4.21,0.93,Medium,Low,53.88,1.0,0,53.88
2024-03-03,19,Singanallur,RS_Puram,1.74,10.6,4.0,1.37,4.88,0.74,Medium,Medium,46.96,1.0,0,46.96
2024-03-14,20,Ukkadam,RS_Puram,7.85,32.7,6.7,0.95,4.52,0.9,Medium,Medium,71.4,1.0,0,71.4
2024-03-02,13,RS_Puram,Ukkadam,5.69,24.9,5.6,1.18,4.61,0.78,Medium,High,62.76,1.0,0,62.76
2024-03-06,12,Peelamedu,Saibaba_Colony,25.84,195.0,6.1,1.52,5.0,0.63,Low,High,143.36,1.0,0,143.36
2024-03-14,8,Ukkadam,RS_Puram,5.72,31.1,3.6,1.53,4.78,0.93,Low,High,62.88,1.53,30,126.21
2024-03-14,11,Gandhipuram,Peelamedu,2.82,11.9,7.4,1.12,4.74,0.77,Low,High,51.28,1.0,0,51.28
2024-03-10,7,RS_Puram,Gandhipuram,2.26,6.4,7.0,0.9,4.7,0.93,Medium,Low,49.04,1.0,0,49.04
2024-03-01,6,Saibaba_Colony,Saibaba_Colony,0.35,1.5,7.6,0.98,4.64,0.64,Medium,Medium,41.4,1.0,0,41.4
2024-03-04,11,Ukkadam,Peelamedu,7.14,29.7,2.6,0.98,4.44,0.76,Low,Medium,68.56,1.0,0,68.56
2024-03-01,10,Gandhipuram,RS_Puram,4.84,29.0,3.1,1.38,4.63,0.79,High,Medium,59.36,1.0,0,59.36
2024-03-04,8,Saibaba_Colony,Saibaba_Colony,6.62,44.4,13.4,1.47,4.23,0.74,Medium,High,66.48,1.63,20,128.36
2024-03-13,19,RS_Puram,Saibaba_Colony,5.25,23.9,13.8,1.5,4.58,0.62,High,Low,61.0,1.0,0,61.0
2024-03-08,6,Ukkadam,Gandhipuram,4.55,27.5,3.9,1.57,4.38,0.68,Medium,Low,58.2,1.0,0,58.2
2024-03-14,16,Saibaba_Colony,Ukkadam,0.42,3.2,3.8,1.53,4.58,0.7,High,Low,41.68,1.0,0,41.68
2024-03-01,11,Ukkadam,Gandhipuram,5.85,28.0,3.3,1.12,4.49,0.62,High,Low,63.4,1.0,0,63.4
2024-03-03,6,Gandhipuram,Ukkadam,2.07,10.6,13.0,1.47,4.62,0.66,High,Low,48.28,1.0,0,48.28
2024-03-13,13,Ukkadam,RS_Puram,3.16,16.5,7.2,1.05,4.6,0.78,High,Medium,52.64,1.0,0,52.64
2024-03-02,19,Saibaba_Colony,Gandhipuram,3.17,21.9,5.6,1.57,4.92,0.76,Low,Medium,52.68,1.0,0,52.68
2024-03-12,11,Ukkadam,Peelamedu,12.74,65.9,11.3,1.36,4.41,0.68,High,Low,90.96,1.0,0,90.96
2024-03-01,18,Gandhipuram,Singanallur,3.75,19.8,8.1,1.57,4.68,0.93,High,Low,55.0,1.0,0,55.0
2024-03-13,7,RS_Puram,Ukkadam,10.01,60.9,5.1,1.43,4.49,0.65,High,High,80.04,1.0,0,80.04
2024-03-09,14,RS_Puram,Ukkadam,5.13,24.8,7.2,1.54,4.77,0.71,Low,Low,60.52,1.0,0,60.52
2024-03-06,12,Peelamedu,Saibaba_Colony,6.15,28.5,7.2,1.33,4.78,0.94,Medium,High,64.6,1.0,0,64.6
2024-03-10,17,RS_Puram,Singanallur,1.73,7.8,7.6,1.32,4.88,0.88,High,High,46.92,1.0,0,46.92
2024-03-02,9,RS_Puram,Gandhipuram,1.2,4.8,8.3,1.26,4.52,0.9,Medium,Low,44.8,1.0,0,44.8
2024-03-09,10,Ukkadam,Peelamedu,1.05,4.2,10.1,1.15,4.64,0.74,High,Low,44.2,1.0,0,44.2
2024-03-12,14,Saibaba_Colony,Peelamedu,4.75,24.0,4.5,1.14,4.41,0.76,Low,Medium,59.0,1.0,0,59.0
2024-03-13,15,Singanallur,Ukkadam,2.83,13.1,6.3,1.27,4.51,0.87,High,High,51.32,1.0,0,51.32
2024-03-04,20,Saibaba_Colony,Singanallur,0.92,6.8,8.2,1.52,4.56,0.72,Medium,Low,43.68,1.0,0,43.68
2024-03-12,22,Gandhipuram,Saibaba_Colony,3.67,20.1,10.3,1.21,4.44,0.9,High,Low,54.68,1.0,0,54.68
2024-03-03,13,Ukkadam,Peelamedu,10.48,71.8,7.5,1.46,4.74,0.62,High,Medium,81.92,1.0,0,81.92
2024-03-10,21,Singanallur,Gandhipuram,1.65,7.6,8.5,1.17,5.0,0.68,Medium,Medium,46.6,1.0,0,46.6
2024-03-10,19,RS_Puram,Saibaba_Colony,3.8,20.6,8.5,1.1,4.93,0.93,High,High,55.2,1.41,20,97.83
2024-03-14,22,Singanallur,RS_Puram,13.48,80.3,4.6,1.53,4.64,0.67,Low,Medium,93.92,1.0,0,93.92
2024-03-04,13,Ukkadam,Singanallur,8.1,24.9,7.3,0.93,4.69,0.81,High,High,72.4,1.0,0,72.4
2024-03-12,13,Saibaba_Colony,Ukkadam,4.36,27.0,3.7,1.44,4.68,0.91,High,Low,57.44,1.0,0,57.44
2024-03-06,17,Ukkadam,Singanallur,0.88,5.4,9.9,1.49,4.81,0.67,Medium,Low,43.52,1.0,0,43.52
2024-03-05,16,Saibaba_Colony,Ukkadam,10.37,46.3,7.6,0.96,4.38,0.88,Medium,High,81.48,1.0,0,81.48
2024-03-09,20,Ukkadam,Singanallur,4.69,21.9,7.6,1.0,4.23,0.93,High,Low,58.76,1.0,0,58.76
2024-03-13,8,Gandhipuram,Peelamedu,7.79,27.5,6.9,1.11,4.38,0.89,High,High,71.16,1.25,20,108.95
2024-03-03,6,Ukkadam,Saibaba_Colony,1.45,8.0,12.7,1.3,4.67,0.85,Low,Low,45.8,1.0,0,45.8
2024-03-02,17,RS_Puram,Saibaba_Colony,1.26,7.7,9.8,1.43,4.68,0.77,High,Medium,45.04,1.0,0,45.04
2024-03-08,16,Ukkadam,RS_Puram,7.4,33.7,5.1,1.0,4.72,0.78,Medium,Low,69.6,1.0,0,69.6
2024-03-06,17,Saibaba_Colony,Saibaba_Colony,0.42,1.5,6.6,1.14,4.61,0.72,Low,Low,41.68,1.0,0,41.68
2024-03-07,11,Singanallur,Peelamedu,3.83,24.4,7.9,1.29,4.94,0.81,Low,High,55.32,1.0,0,55.32
2024-03-14,12,Ukkadam,RS_Puram,2.16,12.5,4.9,1.24,4.57,0.67,Medium,Medium,48.64,1.0,0,48.64
2024-03-14,15,Ukkadam,Saibaba_Colony,1.73,5.1,8.2,0.94,4.64,0.64,Medium,High,46.92,1.0,0,46.92
2024-03-07,13,RS_Puram,Peelamedu,2.96,19.5,13.9,1.56,4.55,0.72,Medium,Medium,51.84,1.0,0,51.84
2024-03-02,19,Saibaba_Colony,Ukkadam,7.76,34.0,11.4,1.15,4.65,0.9,High,Low,71.04,1.0,0,71.04
2024-03-10,9,Gandhipuram,Saibaba_Colony,4.66,25.7,5.4,1.26,4.23,0.67,Low,High,58.64,1.33,20,97.99
2024-03-01,17,Saibaba_Colony,Saibaba_Colony,4.1,26.8,9.9,1.55,4.46,0.69,Low,Low,56.4,1.0,0,56.4
2024-03-13,8,Saibaba_Colony,Saibaba_Colony,6.86,31.2,14.6,1.5,5.0,0.73,High,Medium,67.44,1.0,0,67.44
2024-03-06,17,Ukkadam,RS_Puram,5.84,18.2,6.4,0.96,4.64,0.87,Low,High,63.36,1.0,0,63.36
2024-03-05,18,Peelamedu,Singanallur,5.03,24.6,4.9,1.35,4.76,0.92,Low,Low,60.12,1.0,0,60.12
2024-03-08,8,Gandhipuram,Peelamedu,6.3,24.1,7.7,1.11,4.46,0.61,Low,Medium,65.2,1.0,0,65.2
2024-03-13,21,RS_Puram,RS_Puram,9.2,48.7,5.1,1.08,4.56,0.95,Medium,Medium,76.8,1.0,0,76.8
2024-03-08,21,Saibaba_Colony,Ukkadam,0.94,5.5,7.7,1.47,4.42,0.82,Low,Medium,43.76,1.0,0,43.76
2024-03-12,8,Singanallur,Peelamedu,4.73,22.8,4.2,0.99,4.68,0.72,High,High,58.92,1.55,20,111.33
2024-03-08,10,Gandhipuram,Gandhipuram,6.4,31.0,7.9,1.55,4.48,0.7,Medium,High,65.6,1.0,0,65.6
2024-03-12,9,Saibaba_Colony,Singanallur,3.75,20.1,10.8,1.54,4.53,0.82,Low,Medium,55.0,1.0,0,55.0
2024-03-05,16,Saibaba_Colony,Saibaba_Colony,2.34,13.8,10.7,1.56,4.38,0.76,Medium,High,49.36,1.0,0,49.36
2024-03-12,15,Saibaba_Colony,Ukkadam,2.17,14.6,4.6,1.55,4.41,0.93,Medium,Medium,48.68,1.0,0,48.68
2024-03-08,8,Gandhipuram,Ukkadam,8.84,41.0,8.7,1.3,4.48,0.69,Medium,High,75.36,1.67,30,155.85
2024-03-08,20,Singanallur,Gandhipuram,3.99,22.3,9.0,1.16,4.67,0.8,Low,Low,55.96,1.0,0,55.96
2024-03-13,20,Ukkadam,Ukkadam,3.7,20.2,9.1,1.21,4.66,0.9,High,Medium,54.8,1.0,0,54.8
2024-03-02,22,RS_Puram,Ukkadam,3.23,9.9,8.4,0.98,4.68,0.71,Low,Low,52.92,1.0,0,52.92
2024-03-05,20,Peelamedu,Gandhipuram,5.77,24.2,7.6,1.25,4.8,0.85,High,Medium,63.08,1.0,0,63.08
2024-03-03,18,Gandhipuram,Ukkadam,9.04,36.8,4.8,1.04,4.51,0.62,Low,High,76.16,1.43,10,118.91
2024-03-10,11,Gandhipuram,Gandhipuram,4.83,27.3,8.2,1.15,4.97,0.87,High,Low,59.32,1.0,0,59.32
2024-03-01,14,Peelamedu,Saibaba_Colony,6.75,22.5,6.0,0.93,4.57,0.64,Low,Medium,67.0,1.0,0,67.0
2024-03-08,6,RS_Puram,Peelamedu,4.38,26.0,7.7,1.3,4.27,0.93,Medium,Medium,57.52,1.0,0,57.52
2024-03-08,19,Gandhipuram,Saibaba_Colony,3.08,16.1,5.4,1.26,4.46,0.95,Low,High,52.32,1.23,10,74.35
2024-03-05,8,Peelamedu,Singanallur,0.87,3.2,5.8,0.96,4.43,0.63,High,Low,43.48,1.0,0,43.48
2024-03-05,21,RS_Puram,Saibaba_Colony,1.49,9.6,14.5,1.56,4.54,0.69,Low,Low,45.96,1.0,0,45.96
2024-03-14,9,Ukkadam,Singanallur,4.25,28.6,13.7,1.42,4.69,0.63,High,High,57.0,1.23,30,100.11
2024-03-09,10,Gandhipuram,Saibaba_Colony,3.25,9.5,3.9,0.94,4.54,0.63,Medium,Low,53.0,1.0,0,53.0
2024-03-03,17,Ukkadam,RS_Puram,2.51,11.5,2.1,0.99,4.64,0.88,Medium,Medium,50.04,1.0,0,50.04
2024-03-13,17,RS_Puram,Ukkadam,0.4,2.5,5.4,1.39,4.54,0.66,Medium,Medium,41.6,1.0,0,41.6
2024-03-06,21,Gandhipuram,Gandhipuram,3.17,23.7,4.9,1.58,4.81,0.8,Low,High,52.68,1.0,0,52.68
2024-03-14,7,Ukkadam,Singanallur,4.84,22.0,6.0,1.16,4.52,0.94,Medium,Low,59.36,1.0,0,59.36
2024-03-03,10,Ukkadam,Peelamedu,6.19,36.5,5.8,1.26,4.49,0.64,Medium,Medium,64.76,1.0,0,64.76
2024-03-13,11,Peelamedu,Singanallur,2.16,6.9,7.7,0.97,4.62,0.87,Medium,Low,48.64,1.0,0,48.64
2024-03-14,17,Singanallur,Peelamedu,11.73,81.4,12.3,1.59,4.44,0.84,Low,Low,86.92,1.0,0,86.92
2024-03-06,11,RS_Puram,Saibaba_Colony,4.86,29.3,11.9,1.59,4.53,0.71,Low,Medium,59.44,1.0,0,59.44
2024-03-03,15,RS_Puram,Ukkadam,9.74,37.9,3.7,0.98,4.71,0.63,Low,High,78.96,1.0,0,78.96
2024-03-08,22,RS_Puram,RS_Puram,3.13,15.2,2.2,1.09,4.37,0.9,High,Medium,52.52,1.0,0,52.52
2024-03-08,8,RS_Puram,RS_Puram,4.26,19.5,6.6,1.46,4.61,0.87,High,Medium,57.04,1.0,0,57.04
2024-03-04,19,Ukkadam,Ukkadam,0.69,4.5,6.7,1.49,4.63,0.6,Medium,High,42.76,1.4,20,79.86
2024-03-04,16,Ukkadam,RS_Puram,3.17,15.7,13.4,1.51,4.83,0.76,High,Low,52.68,1.0,0,52.68
2024-03-09,13,Ukkadam,RS_Puram,18.55,66.9,4.9,1.2,4.96,0.66,High,Low,114.2,1.0,0,114.2
2024-03-10,15,Peelamedu,Singanallur,4.66,19.9,7.8,1.4,4.68,0.64,Low,Medium,58.64,1.0,0,58.64
2024-03-04,7,RS_Puram,Singanallur,3.58,12.6,10.2,1.08,4.68,0.64,Medium,High,54.32,1.0,0,54.32
2024-03-06,11,Peelamedu,Singanallur,6.93,32.9,10.5,1.47,4.66,0.83,Medium,High,67.72,1.0,0,67.72
2024-03-06,20,Saibaba_Colony,Gandhipuram,9.34,32.0,9.6,1.08,4.22,0.69,Medium,Low,77.36,1.0,0,77.36
2024-03-11,21,RS_Puram,Gandhipuram,4.14,21.2,10.7,1.6,5.0,0.83,Low,Low,56.56,1.0,0,56.56
2024-03-11,10,Singanallur,Saibaba_Colony,1.0,6.3,9.5,1.35,4.52,0.73,Low,High,44.0,1.0,0,44.0
2024-03-07,7,Peelamedu,Saibaba_Colony,2.48,15.7,10.4,1.58,4.55,0.76,High,High,49.92,1.0,0,49.92
2024-03-08,16,Gandhipuram,Singanallur,1.31,5.4,8.0,0.92,4.87,0.64,Medium,Medium,45.24,1.0,0,45.24
2024-03-12,12,Gandhipuram,Peelamedu,10.05,60.4,5.3,1.44,4.84,0.9,Medium,Medium,80.2,1.0,0,80.2
2024-03-02,11,Ukkadam,Singanallur,5.38,30.2,9.6,1.55,4.53,0.72,Low,Medium,61.52,1.0,0,61.52
2024-03-13,18,Ukkadam,Peelamedu,0.32,1.4,6.6,1.39,4.46,0.6,Low,Low,41.28,1.0,0,41.28
2024-03-03,20,Gandhipuram,RS_Puram,5.21,31.0,4.0,1.52,4.8,0.69,Low,High,60.84,1.41,30,115.78
2024-03-14,16,Singanallur,Saibaba_Colony,6.12,30.6,5.4,1.15,4.74,0.61,Medium,High,64.48,1.0,0,64.48
2024-03-08,13,Saibaba_Colony,Gandhipuram,1.15,6.3,9.5,1.49,4.64,0.8,Medium,High,44.6,1.0,0,44.6
2024-03-04,18,Saibaba_Colony,Singanallur,3.22,13.8,9.0,1.03,4.85,0.71,Low,Medium,52.88,1.0,0,52.88
2024-03-09,18,RS_Puram,Gandhipuram,5.17,20.2,6.1,0.92,4.77,0.67,Low,Medium,60.68,1.0,0,60.68
2024-03-04,14,RS_Puram,Singanallur,9.16,39.5,8.8,0.99,4.62,0.66,High,Medium,76.64,1.0,0,76.64
2024-03-06,8,Singanallur,Ukkadam,5.55,33.4,3.4,1.32,4.81,0.84,High,Medium,62.2,1.0,0,62.2
2024-03-04,12,Ukkadam,Singanallur,6.22,29.7,8.6,1.57,4.73,0.87,Low,Medium,64.88,1.0,0,64.88
2024-03-08,17,Ukkadam,RS_Puram,2.44,6.9,8.7,0.93,4.73,0.69,Low,High,49.76,1.0,0,49.76
2024-03-09,7,Gandhipuram,Singanallur,2.15,10.3,7.4,1.32,4.65,0.7,Low,Medium,48.6,1.0,0,48.6
2024-03-07,14,Ukkadam,Peelamedu,4.02,16.2,10.7,1.15,4.7,0.64,Low,High,56.08,1.0,0,56.08
2024-03-02,14,Saibaba_Colony,Saibaba_Colony,3.29,17.9,9.9,1.33,4.62,0.76,High,High,53.16,1.0,0,53.16
2024-03-03,21,Peelamedu,Singanallur,1.11,6.8,9.0,1.47,4.4,0.75,Medium,Medium,44.44,1.0,0,44.44
2024-03-08,16,Ukkadam,Saibaba_Colony,4.27,24.6,3.8,1.41,4.47,0.64,Medium,Medium,57.08,1.0,0,57.08
2024-03-02,7,RS_Puram,Peelamedu,2.77,16.2,5.7,1.37,4.59,0.91,Medium,Medium,51.08,1.0,0,51.08
2024-03-03,14,Gandhipuram,Saibaba_Colony,2.63,10.6,2.5,1.2,4.99,0.68,High,Low,50.52,1.0,0,50.52
2024-03-10,20,Peelamedu,RS_Puram,3.15,16.5,13.5,1.52,4.56,0.77,Low,High,52.6,1.31,20,88.91
2024-03-12,8,Peelamedu,Ukkadam,10.0,50.7,12.4,1.3,4.5,0.91,Low,Medium,80.0,1.0,0,80.0
2024-03-14,19,RS_Puram,Ukkadam,16.82,87.9,8.5,1.14,4.52,0.63,Medium,Medium,107.28,1.0,0,107.28
2024-03-07,21,Gandhipuram,Saibaba_Colony,3.65,23.5,14.4,1.55,4.64,0.66,Low,Medium,54.6,1.0,0,54.6
2024-03-09,11,Ukkadam,Peelamedu,12.62,38.0,7.8,0.95,4.43,0.82,Medium,High,90.48,1.0,0,90.48
2024-03-05,18,Saibaba_Colony,Singanallur,2.74,15.3,13.5,1.58,4.43,0.73,High,Medium,50.96,1.0,0,50.96
2024-03-14,14,Peelamedu,Gandhipuram,4.26,16.2,11.3,1.14,4.62,0.89,High,High,57.04,1.0,0,57.04
2024-03-09,7,Peelamedu,RS_Puram,6.97,31.0,5.3,0.95,4.63,0.85,Low,Low,67.88,1.0,0,67.88
2024-03-08,16,Gandhipuram,RS_Puram,4.17,20.0,5.1,1.15,4.93,0.61,High,High,56.68,1.0,0,56.68
2024-03-09,11,RS_Puram,Saibaba_Colony,7.93,48.7,10.3,1.46,4.65,0.75,High,High,71.72,1.0,0,71.72
2024-03-05,9,Singanallur,Peelamedu,2.22,7.8,5.9,0.97,4.47,0.66,Medium,High,48.88,1.68,10,92.12
2024-03-04,13,Gandhipuram,Singanallur,10.77,48.7,3.2,1.5,4.5,0.81,High,Low,83.08,1.0,0,83.08
2024-03-14,15,Saibaba_Colony,Singanallur,2.45,12.4,14.1,1.43,4.69,0.73,Medium,Low,49.8,1.0,0,49.8
2024-03-12,13,Peelamedu,Peelamedu,8.8,33.1,9.6,1.07,4.69,0.83,Low,Low,75.2,1.0,0,75.2
2024-03-07,6,Ukkadam,RS_Puram,6.09,37.7,7.2,1.24,4.36,0.77,High,High,64.36,1.0,0,64.36
2024-03-06,7,Gandhipuram,RS_Puram,3.48,22.4,9.1,1.54,4.88,0.67,High,Low,53.92,1.0,0,53.92
2024-03-07,11,Gandhipuram,Peelamedu,1.57,9.9,13.6,1.48,4.0,0.76,High,Medium,46.28,1.0,0,46.28
2024-03-08,18,Saibaba_Colony,Saibaba_Colony,2.59,12.4,10.8,1.22,4.42,0.93,High,Low,50.36,1.0,0,50.36
2024-03-10,7,RS_Puram,Peelamedu,3.21,11.8,7.0,0.99,4.58,0.85,Medium,High,52.84,1.0,0,52.84
2024-03-02,12,RS_Puram,Ukkadam,3.62,12.1,5.9,1.11,4.23,0.64,High,Low,54.48,1.0,0,54.48
2024-03-09,7,Peelamedu,Peelamedu,1.11,5.1,7.7,0.92,4.51,0.9,Medium,High,44.44,1.0,0,44.44
2024-03-06,20,Peelamedu,Gandhipuram,1.26,6.5,10.2,1.19,4.35,0.65,Low,Low,45.04,1.0,0,45.04
2024-03-03,19,Peelamedu,Singanallur,7.27,33.7,4.2,1.42,4.65,0.9,High,High,69.08,1.27,30,117.73
2024-03-07,17,Ukkadam,Gandhipuram,5.96,34.1,10.9,1.24,4.71,0.7,Medium,High,63.84,1.0,0,63.84
2024-03-11,10,Gandhipuram,Gandhipuram,4.59,18.3,2.0,0.93,4.36,0.94,Medium,Low,58.36,1.0,0,58.36
2024-03-11,7,Ukkadam,Saibaba_Colony,8.58,52.8,11.9,1.39,4.44,0.87,Medium,Low,74.32,1.0,0,74.32
2024-03-10,11,Singanallur,Gandhipuram,5.45,25.1,10.0,1.13,4.7,0.63,High,Low,61.8,1.0,0,61.8
2024-03-03,17,Ukkadam,Peelamedu,1.21,6.1,3.2,1.43,4.66,0.93,High,Medium,44.84,1.0,0,44.84
2024-03-05,13,Gandhipuram,RS_Puram,1.88,11.0,9.1,1.43,4.57,0.9,Low,High,47.52,1.0,0,47.52
2024-03-07,19,Ukkadam,Gandhipuram,2.03,9.9,8.6,1.54,4.69,0.92,Low,Low,48.12,1.0,0,48.12
2024-03-04,22,Saibaba_Colony,Peelamedu,4.53,27.1,12.1,1.35,4.4,0.75,High,Low,58.12,1.0,0,58.12
2024-03-10,19,Gandhipuram,Saibaba_Colony,5.03,22.3,7.6,1.31,4.32,0.79,High,Medium,60.12,1.0,0,60.12
2024-03-14,12,Saibaba_Colony,Peelamedu,1.15,4.8,2.8,1.14,5.0,0.93,Low,Medium,44.6,1.0,0,44.6
2024-03-06,22,Saibaba_Colony,Peelamedu,10.03,65.0,9.6,1.54,4.68,0.87,High,Medium,80.12,1.0,0,80.12
2024-03-11,21,Ukkadam,Ukkadam,4.32,15.9,2.3,1.02,4.7,0.79,High,Low,57.28,1.0,0,57.28
2024-03-12,8,Gandhipuram,Gandhipuram,1.09,5.2,9.8,1.21,4.46,0.67,Medium,Medium,44.36,1.0,0,44.36
2024-03-12,11,Saibaba_Colony,Singanallur,2.34,9.5,9.4,1.19,4.83,0.62,Medium,Low,49.36,1.0,0,49.36
2024-03-10,19,Peelamedu,Gandhipuram,5.83,27.2,5.9,1.38,4.51,0.69,High,Medium,63.32,1.0,0,63.32
2024-03-14,13,Gandhipuram,Saibaba_Colony,11.59,37.7,3.2,1.06,4.71,0.92,Medium,High,86.36,1.0,0,86.36
2024-03-09,8,RS_Puram,Ukkadam,7.65,39.3,3.2,1.59,4.36,0.95,High,Low,70.6,1.0,0,70.6
2024-03-01,21,Saibaba_Colony,Ukkadam,2.57,14.7,4.8,1.32,4.67,0.91,Low,High,50.28,1.0,0,50.28
2024-03-11,17,RS_Puram,Gandhipuram,3.56,13.8,7.7,0.91,4.42,0.76,Medium,High,54.24,1.0,0,54.24
2024-03-08,7,RS_Puram,Singanallur,5.2,20.5,5.8,0.98,4.68,0.82,Low,High,60.8,1.0,0,60.8
2024-03-03,16,Ukkadam,RS_Puram,2.43,10.7,3.0,1.31,4.61,0.86,Low,Low,49.72,1.0,0,49.72
2024-03-11,20,Saibaba_Colony,Peelamedu,3.34,11.7,5.0,1.0,4.65,0.69,Medium,Medium,53.36,1.0,0,53.36
2024-03-14,13,Singanallur,Peelamedu,2.67,12.8,7.4,1.19,4.63,0.8,Medium,Medium,50.68,1.0,0,50.68
2024-03-04,17,RS_Puram,RS_Puram,7.65,25.7,10.2,1.04,4.26,0.61,Medium,High,70.6,1.0,0,70.6
2024-03-01,19,Saibaba_Colony,Peelamedu,3.49,12.9,4.1,1.15,4.53,0.95,Low,Medium,53.96,1.0,0,53.96
2024-03-11,6,Saibaba_Colony,Saibaba_Colony,4.34,30.3,14.5,1.54,4.79,0.77,Medium,Medium,57.36,1.0,0,57.36
2024-03-14,13,RS_Puram,Peelamedu,3.4,19.3,10.5,1.25,4.41,0.65,Medium,Low,53.6,1.0,0,53.6
2024-03-07,20,Saibaba_Colony,Gandhipuram,2.5,10.5,4.6,0.91,4.85,0.62,Low,Low,50.0,1.0,0,50.0
2024-03-05,11,Saibaba_Colony,Singanallur,2.71,20.8,10.2,1.59,4.87,0.66,Medium,Medium,50.84,1.0,0,50.84
2024-03-10,21,Saibaba_Colony,RS_Puram,0.6,2.4,4.3,1.15,4.33,0.86,High,Medium,42.4,1.0,0,42.4
2024-03-09,21,RS_Puram,Gandhipuram,2.95,11.2,7.7,1.19,4.51,0.91,High,High,51.8,1.0,0,51.8
2024-03-11,13,RS_Puram,RS_Puram,2.92,12.4,9.7,0.98,4.58,0.91,High,High,51.68,1.0,0,51.68
2024-03-03,8,Saibaba_Colony,Peelamedu,7.87,38.3,4.9,1.03,4.58,0.91,High,Medium,71.48,1.0,0,71.48
2024-03-11,7,Ukkadam,Gandhipuram,4.44,29.6,6.3,1.55,4.45,0.73,Low,Medium,57.76,1.0,0,57.76
2024-03-06,17,Singanallur,RS_Puram,4.3,20.7,7.1,1.28,4.88,0.65,Low,High,57.2,1.0,0,57.2
2024-03-01,13,RS_Puram,Saibaba_Colony,1.47,11.4,7.2,1.58,4.57,0.9,High,Medium,45.88,1.0,0,45.88
2024-03-09,8,Peelamedu,Gandhipuram,4.92,25.8,6.4,1.15,4.52,0.77,Medium,High,59.68,1.59,10,104.89
2024-03-06,13,Peelamedu,Peelamedu,0.99,5.5,5.9,1.21,4.33,0.78,Medium,Low,43.96,1.0,0,43.96
2024-03-04,21,RS_Puram,Saibaba_Colony,1.55,6.3,3.0,1.12,4.49,0.84,High,Medium,46.2,1.0,0,46.2
2024-03-03,18,Saibaba_Colony,Saibaba_Colony,2.36,14.8,6.7,1.28,4.56,0.76,High,Low,49.44,1.0,0,49.44
2024-03-09,22,Ukkadam,Gandhipuram,5.26,17.1,7.4,0.93,4.96,0.66,High,Medium,61.04,1.0,0,61.04
2024-03-08,9,Ukkadam,Ukkadam,2.23,14.6,12.9,1.53,4.66,0.89,High,High,48.92,1.63,30,109.74
2024-03-13,16,Peelamedu,RS_Puram,5.66,30.6,13.4,1.39,4.49,0.92,Low,Medium,62.64,1.0,0,62.64
2024-03-13,9,Gandhipuram,Gandhipuram,4.47,23.4,12.5,1.49,4.78,0.82,Low,Low,57.88,1.0,0,57.88
2024-03-08,20,Saibaba_Colony,Singanallur,4.86,19.2,7.0,0.94,4.75,0.78,High,High,59.44,1.56,10,102.73
2024-03-13,10,Peelamedu,Singanallur,4.96,23.9,6.3,1.58,4.78,0.76,High,High,59.84,1.0,0,59.84
2024-03-06,8,Peelamedu,Gandhipuram,7.05,48.2,12.4,1.59,4.5,0.82,Low,Medium,68.2,1.0,0,68.2
2024-03-01,15,Singanallur,Singanallur,9.12,53.4,6.7,1.21,4.64,0.79,High,High,76.48,1.0,0,76.48
2024-03-14,21,Peelamedu,Ukkadam,3.2,12.1,9.0,0.94,4.75,0.62,Medium,Medium,52.8,1.0,0,52.8
2024-03-12,17,Ukkadam,Singanallur,3.06,14.3,8.1,1.03,4.45,0.88,Low,Medium,52.24,1.0,0,52.24
2024-03-06,17,Saibaba_Colony,Peelamedu,1.4,7.8,5.1,1.23,4.56,0.81,Low,Medium,45.6,1.0,0,45.6
2024-03-06,16,Ukkadam,Peelamedu,2.06,9.6,5.4,1.08,4.6,0.93,High,Low,48.24,1.0,0,48.24
2024-03-13,21,Ukkadam,RS_Puram,1.72,8.2,4.4,1.4,4.77,0.95,Low,High,46.88,1.0,0,46.88
2024-03-06,13,RS_Puram,RS_Puram,7.15,27.4,2.7,1.2,4.29,0.77,Medium,Medium,68.6,1.0,0,68.6
2024-03-08,12,Peelamedu,Ukkadam,1.83,8.5,7.1,0.94,4.75,0.91,Low,Low,47.32,1.0,0,47.32
2024-03-11,15,Gandhipuram,Ukkadam,7.28,31.8,11.9,1.24,4.69,0.85,High,Low,69.12,1.0,0,69.12
2024-03-10,16,RS_Puram,Peelamedu,4.27,23.4,4.1,1.35,4.76,0.81,High,High,57.08,1.0,0,57.08
2024-03-02,20,Saibaba_Colony,Gandhipuram,6.61,26.5,8.0,1.04,4.6,0.81,Low,Medium,66.44,1.0,0,66.44
2024-03-10,12,Saibaba_Colony,Saibaba_Colony,3.2,13.1,9.8,1.19,4.41,0.67,High,High,52.8,1.0,0,52.8
2024-03-01,12,Saibaba_Colony,RS_Puram,6.37,36.9,9.2,1.23,4.73,0.62,Medium,High,65.48,1.0,0,65.48
2024-03-01,17,Gandhipuram,RS_Puram,10.21,38.3,7.3,0.92,4.74,0.82,Medium,Low,80.84,1.0,0,80.84
2024-03-13,7,Saibaba_Colony,Gandhipuram,6.56,46.0,4.1,1.57,4.65,0.73,Medium,High,66.24,1.0,0,66.24
2024-03-05,7,Singanallur,Peelamedu,3.16,16.2,9.5,1.06,4.45,0.77,Medium,Low,52.64,1.0,0,52.64
2024-03-11,12,Singanallur,Gandhipuram,5.29,27.2,8.6,1.4,4.62,0.94,Medium,High,61.16,1.0,0,61.16
2024-03-01,6,Peelamedu,Ukkadam,3.6,18.2,8.4,1.25,4.37,0.6,High,Medium,54.4,1.0,0,54.4
2024-03-02,14,Saibaba_Colony,Singanallur,2.74,18.8,5.5,1.4,4.57,0.71,Low,Medium,50.96,1.0,0,50.96
2024-03-09,7,Gandhipuram,RS_Puram,2.97,15.9,6.6,1.3,4.4,0.75,High,High,51.88,1.0,0,51.88
2024-03-07,12,RS_Puram,Saibaba_Colony,4.91,15.6,4.5,0.9,4.51,0.8,Medium,High,59.64,1.0,0,59.64
2024-03-09,6,Gandhipuram,RS_Puram,4.18,23.7,11.9,1.54,4.82,0.7,Low,Medium,56.72,1.0,0,56.72
2024-03-13,19,RS_Puram,Saibaba_Colony,8.45,33.2,3.3,1.11,4.53,0.69,Medium,Low,73.8,1.0,0,73.8
2024-03-13,16,Saibaba_Colony,Singanallur,17.55,106.1,8.1,1.31,4.77,0.64,Medium,Medium,110.2,1.0,0,110.2
2024-03-11,11,Gandhipuram,Peelamedu,2.44,15.7,3.8,1.53,4.72,0.84,Medium,High,49.76,1.0,0,49.76
2024-03-02,14,Saibaba_Colony,RS_Puram,4.27,14.3,5.5,1.04,4.13,0.77,Medium,Medium,57.08,1.0,0,57.08
2024-03-10,6,Ukkadam,Ukkadam,5.77,34.9,11.2,1.47,4.51,0.74,Medium,Medium,63.08,1.0,0,63.08
2024-03-04,6,Peelamedu,Saibaba_Colony,16.33,96.5,11.5,1.55,4.42,0.68,High,High,105.32,1.0,0,105.32
2024-03-11,11,Gandhipuram,Gandhipuram,2.52,18.5,11.5,1.53,4.29,0.9,Medium,High,50.08,1.0,0,50.08
2024-03-07,20,RS_Puram,Gandhipuram,1.76,10.2,6.1,1.51,4.49,0.71,High,Low,47.04,1.0,0,47.04
2024-03-10,10,Gandhipuram,Singanallur,0.81,4.0,10.2,1.11,5.0,0.86,Low,Low,43.24,1.0,0,43.24
2024-03-12,6,Singanallur,RS_Puram,8.78,27.2,3.0,0.99,4.49,0.9,Low,High,75.12,1.0,0,75.12
2024-03-08,18,Ukkadam,Gandhipuram,9.88,37.0,9.6,1.08,5.0,0.71,High,Medium,79.52,1.0,0,79.52
2024-03-05,22,Peelamedu,RS_Puram,0.99,2.8,7.6,0.91,4.35,0.68,Medium,Low,43.96,1.0,0,43.96
2024-03-10,15,Ukkadam,Peelamedu,1.34,6.8,9.3,1.42,4.87,0.86,Low,Medium,45.36,1.0,0,45.36
2024-03-04,14,Peelamedu,Peelamedu,5.48,22.6,4.5,1.18,4.69,0.72,Medium,Medium,61.92,1.0,0,61.92
2024-03-09,14,Saibaba_Colony,Gandhipuram,2.93,11.7,9.2,1.21,4.53,0.69,Medium,Low,51.72,1.0,0,51.72
2024-03-05,21,Saibaba_Colony,Singanallur,13.85,73.3,3.9,1.44,4.31,0.94,Low,Medium,95.4,1.0,0,95.4
2024-03-14,20,RS_Puram,Saibaba_Colony,1.73,10.3,2.5,1.22,4.51,0.68,Medium,Low,46.92,1.0,0,46.92
2024-03-02,21,Peelamedu,Gandhipuram,4.76,19.2,10.2,1.02,4.41,0.84,High,Medium,59.04,1.0,0,59.04
2024-03-12,20,RS_Puram,Ukkadam,0.83,4.8,4.3,1.59,4.46,0.6,Medium,Low,43.32,1.0,0,43.32
2024-03-09,14,Peelamedu,Ukkadam,3.94,16.9,7.0,1.02,4.77,0.62,Low,Low,55.76,1.0,0,55.76
2024-03-02,14,Saibaba_Colony,Singanallur,7.88,35.6,5.5,1.28,5.0,0.78,Medium,High,71.52,1.0,0,71.52
2024-03-04,21,Singanallur,Saibaba_Colony,0.73,2.9,10.1,1.02,4.49,0.62,Medium,Low,42.92,1.0,0,42.92
2024-03-02,6,Peelamedu,Ukkadam,0.47,2.8,11.8,1.24,4.61,0.88,Medium,High,41.88,1.0,0,41.88
2024-03-01,7,RS_Puram,Peelamedu,2.06,10.7,4.9,1.19,4.53,0.69,Medium,High,48.24,1.0,0,48.24
2024-03-07,21,Saibaba_Colony,Saibaba_Colony,13.5,56.6,8.6,1.03,4.83,0.89,Low,Medium,94.0,1.0,0,94.0
2024-03-09,15,Singanallur,Ukkadam,1.25,5.8,10.9,1.48,4.65,0.88,High,High,45.0,1.0,0,45.0
2024-03-02,10,Gandhipuram,Peelamedu,7.0,30.4,7.9,0.94,4.61,0.93,Low,High,68.0,1.0,0,68.0
2024-03-10,11,Ukkadam,RS_Puram,4.26,22.2,4.6,1.06,4.46,0.9,Medium,Low,57.04,1.0,0,57.04
2024-03-05,17,Peelamedu,Ukkadam,10.22,77.7,14.3,1.54,4.3,0.66,Medium,Medium,80.88,1.0,0,80.88
2024-03-10,7,Ukkadam,Gandhipuram,1.18,3.6,3.7,0.96,4.16,0.93,High,Low,44.72,1.0,0,44.72
2024-03-01,22,RS_Puram,Ukkadam,4.36,16.0,3.7,0.98,4.64,0.68,Low,High,57.44,1.0,0,57.44
2024-03-04,20,Saibaba_Colony,Singanallur,4.99,24.3,11.3,1.17,4.43,0.82,High,Medium,59.96,1.0,0,59.96
2024-03-06,7,Singanallur,Singanallur,4.19,21.3,5.3,1.5,4.45,0.87,Medium,Medium,56.76,1.0,0,56.76
2024-03-09,15,Gandhipuram,Peelamedu,7.68,42.4,10.7,1.13,4.49,0.65,Low,Medium,70.72,1.0,0,70.72
2024-03-02,16,Peelamedu,Saibaba_Colony,1.4,8.3,6.2,1.22,4.79,0.88,Medium,Medium,45.6,1.0,0,45.6
2024-03-10,13,Gandhipuram,RS_Puram,4.1,13.4,2.2,0.93,4.74,0.9,Low,Low,56.4,1.0,0,56.4
2024-03-14,17,Saibaba_Colony,Ukkadam,2.48,13.4,6.8,1.58,4.52,0.92,Low,Medium,49.92,1.0,0,49.92
2024-03-08,11,Peelamedu,Gandhipuram,1.49,5.5,4.4,1.19,5.0,0.61,Medium,High,45.96,1.0,0,45.96
2024-03-09,9,RS_Puram,Gandhipuram,9.04,52.2,6.2,1.35,4.57,0.65,High,High,76.16,1.67,20,147.19
2024-03-13,18,Gandhipuram,Ukkadam,1.96,8.8,5.0,1.12,4.66,0.84,Medium,High,47.84,1.22,30,88.36
2024-03-01,22,Singanallur,Singanallur,5.02,33.7,14.9,1.52,4.47,0.92,Low,High,60.08,1.0,0,60.08
2024-03-04,8,RS_Puram,Peelamedu,7.11,37.5,6.5,1.23,4.42,0.78,Low,Medium,68.44,1.0,0,68.44
2024-03-06,6,Singanallur,Gandhipuram,1.01,7.6,8.5,1.58,4.72,0.9,Low,Medium,44.04,1.0,0,44.04
2024-03-07,20,Gandhipuram,Gandhipuram,5.18,16.8,5.5,1.04,4.16,0.86,High,Low,60.72,1.0,0,60.72
2024-03-09,7,Singanallur,Ukkadam,11.75,54.9,5.8,1.26,4.81,0.61,Medium,Low,87.0,1.0,0,87.0
2024-03-08,21,Saibaba_Colony,Ukkadam,3.92,20.9,5.6,1.16,4.43,0.91,High,High,55.68,1.0,0,55.68
2024-03-09,8,Singanallur,Singanallur,5.95,28.7,10.1,1.39,4.28,0.84,Low,High,63.8,1.39,20,108.68
2024-03-03,20,RS_Puram,Gandhipuram,1.19,3.7,3.6,0.9,4.48,0.67,Low,Medium,44.76,1.0,0,44.76
2024-03-07,21,Singanallur,Ukkadam,7.62,30.3,8.5,1.07,4.86,0.94,Medium,High,70.48,1.0,0,70.48
2024-03-09,18,Saibaba_Colony,Ukkadam,4.88,19.8,13.0,1.32,4.39,0.83,Low,Low,59.52,1.0,0,59.52
2024-03-10,9,RS_Puram,Singanallur,3.13,16.0,11.4,1.31,4.53,0.79,Low,Low,52.52,1.0,0,52.52
2024-03-04,17,Peelamedu,Ukkadam,0.77,3.1,12.4,1.31,4.65,0.87,Low,Medium,43.08,1.0,0,43.08
2024-03-14,6,Singanallur,Gandhipuram,2.72,12.5,4.4,0.99,4.25,0.76,Low,Medium,50.88,1.0,0,50.88
2024-03-01,7,Singanallur,Saibaba_Colony,3.42,17.6,10.2,1.07,5.0,0.87,Medium,Low,53.68,1.0,0,53.68
2024-03-08,20,Ukkadam,Ukkadam,4.96,26.2,4.3,1.32,4.5,0.75,Medium,Medium,59.84,1.0,0,59.84
2024-03-04,19,Peelamedu,Peelamedu,1.49,4.8,6.3,0.95,4.77,0.86,Low,Medium,45.96,1.0,0,45.96
2024-03-07,20,RS_Puram,Saibaba_Colony,14.8,55.4,8.2,1.22,4.24,0.61,Low,Low,99.2,1.0,0,99.2
2024-03-11,14,Singanallur,RS_Puram,4.85,24.5,7.5,1.55,4.83,0.62,High,Medium,59.4,1.0,0,59.4
2024-03-06,12,Gandhipuram,Saibaba_Colony,5.29,27.4,14.7,1.52,4.31,0.62,Low,High,61.16,1.0,0,61.16
2024-03-10,14,RS_Puram,RS_Puram,6.8,27.9,8.3,1.07,4.57,0.67,Medium,Medium,67.2,1.0,0,67.2
2024-03-04,10,Gandhipuram,Singanallur,7.17,34.6,11.6,1.54,4.77,0.64,High,Medium,68.68,1.0,0,68.68
2024-03-12,6,Peelamedu,Ukkadam,4.67,16.2,9.1,0.95,4.54,0.83,Medium,Medium,58.68,1.0,0,58.68
2024-03-07,15,Singanallur,RS_Puram,0.66,5.0,12.2,1.54,4.73,0.77,High,High,42.64,1.0,0,42.64
2024-03-04,7,Gandhipuram,Singanallur,9.25,64.6,5.8,1.55,5.0,0.87,Low,High,77.0,1.0,0,77.0
2024-03-01,7,Singanallur,Ukkadam,1.69,7.4,6.2,1.09,4.75,0.86,Medium,Low,46.76,1.0,0,46.76
2024-03-10,14,Peelamedu,Gandhipuram,0.69,3.0,10.7,1.33,4.7,0.89,Medium,High,42.76,1.0,0,42.76
2024-03-03,18,Gandhipuram,Singanallur,3.36,18.3,9.6,1.59,4.5,0.87,Medium,Low,53.44,1.0,0,53.44
2024-03-13,9,Ukkadam,Gandhipuram,1.04,4.6,5.3,1.06,5.0,0.8,Low,High,44.16,1.44,30,93.59
2024-03-06,6,Singanallur,RS_Puram,4.32,18.0,3.1,1.02,4.57,0.65,Low,Low,57.28,1.0,0,57.28
2024-03-10,11,Singanallur,Peelamedu,6.03,19.9,3.9,0.98,4.26,0.88,Low,Medium,64.12,1.0,0,64.12
2024-03-08,7,Peelamedu,Singanallur,1.12,4.6,3.2,1.02,4.84,0.85,Medium,High,44.48,1.0,0,44.48
2024-03-04,12,Gandhipuram,Saibaba_Colony,2.65,19.5,15.1,1.54,4.52,0.9,High,Low,50.6,1.0,0,50.6
2024-03-04,22,Saibaba_Colony,RS_Puram,3.66,17.7,9.9,1.56,4.59,0.72,Low,Low,54.64,1.0,0,54.64
2024-03-12,8,Peelamedu,Singanallur,6.01,38.1,3.0,1.39,4.47,0.81,Medium,Medium,64.04,1.0,0,64.04
2024-03-08,10,Gandhipuram,RS_Puram,7.59,32.6,8.2,0.93,4.68,0.92,Medium,High,70.36,1.0,0,70.36
2024-03-02,19,Gandhipuram,Peelamedu,6.23,29.4,11.9,1.53,4.22,0.76,Medium,Low,64.92,1.0,0,64.92
2024-03-11,16,Saibaba_Colony,Ukkadam,2.88,11.0,4.7,1.03,4.36,0.94,Low,High,51.52,1.0,0,51.52
2024-03-02,12,RS_Puram,Singanallur,4.88,20.3,9.1,0.92,4.49,0.83,High,Low,59.52,1.0,0,59.52
2024-03-09,18,Saibaba_Colony,RS_Puram,1.3,5.3,4.3,1.0,4.7,0.93,High,Low,45.2,1.0,0,45.2
2024-03-01,17,RS_Puram,Gandhipuram,1.3,6.1,8.3,1.41,4.59,0.73,High,High,45.2,1.0,0,45.2
2024-03-02,14,RS_Puram,Peelamedu,0.78,2.4,9.2,0.99,4.5,0.89,High,Medium,43.12,1.0,0,43.12
2024-03-09,9,Saibaba_Colony,Gandhipuram,3.57,14.9,2.4,1.18,4.37,0.83,Medium,Medium,54.28,1.0,0,54.28
2024-03-06,21,Ukkadam,Singanallur,6.53,36.1,8.0,1.36,4.58,0.85,High,Low,66.12,1.0,0,66.12
2024-03-14,15,Singanallur,Gandhipuram,3.19,17.8,4.8,1.36,4.56,0.62,Medium,Low,52.76,1.0,0,52.76
2024-03-13,19,Gandhipuram,Ukkadam,4.26,25.1,8.6,1.59,4.37,0.64,Low,Low,57.04,1.0,0,57.04
2024-03-03,14,Ukkadam,Singanallur,8.8,50.2,2.8,1.33,4.74,0.66,High,Medium,75.2,1.0,0,75.2
2024-03-05,9,RS_Puram,Saibaba_Colony,6.23,29.8,5.7,1.38,4.43,0.83,Medium,High,64.92,1.4,30,120.89
2024-03-02,22,RS_Puram,Singanallur,4.59,20.8,10.6,1.41,4.58,0.78,Medium,Medium,58.36,1.0,0,58.36
2024-03-08,16,Gandhipuram,Gandhipuram,1.62,7.2,4.8,1.2,4.42,0.84,Medium,High,46.48,1.0,0,46.48
2024-03-03,18,Gandhipuram,Singanallur,6.22,32.9,5.3,1.25,4.69,0.91,High,High,64.88,1.21,30,108.5
2024-03-14,12,Gandhipuram,Saibaba_Colony,0.67,3.0,12.4,1.35,4.66,0.84,High,Low,42.68,1.0,0,42.68
2024-03-01,14,Saibaba_Colony,Gandhipuram,6.74,23.9,3.5,0.95,4.95,0.83,High,Medium,66.96,1.0,0,66.96
2024-03-10,22,Saibaba_Colony,Peelamedu,0.51,1.8,7.2,0.96,4.42,0.9,High,High,42.04,1.0,0,42.04
2024-03-03,22,Peelamedu,Singanallur,1.9,6.9,5.1,0.96,4.73,0.76,High,Medium,47.6,1.0,0,47.6
2024-03-04,20,Singanallur,RS_Puram,8.73,30.3,5.5,0.97,4.35,0.67,High,Low,74.92,1.0,0,74.92
2024-03-11,17,Ukkadam,Ukkadam,9.02,41.3,13.8,1.49,4.61,0.87,High,High,76.08,1.0,0,76.08
2024-03-01,19,RS_Puram,Saibaba_Colony,5.87,39.2,5.1,1.43,4.72,0.91,Medium,Low,63.48,1.0,0,63.48
2024-03-10,8,Ukkadam,Saibaba_Colony,1.86,12.7,13.3,1.37,4.6,0.71,Medium,Low,47.44,1.0,0,47.44
2024-03-14,22,RS_Puram,Singanallur,2.86,17.5,13.3,1.49,4.62,0.89,Medium,Low,51.44,1.0,0,51.44
2024-03-03,11,Ukkadam,Ukkadam,1.73,7.3,9.3,1.39,4.35,0.84,Medium,High,46.92,1.0,0,46.92
2024-03-04,15,Saibaba_Colony,Saibaba_Colony,3.5,10.9,7.8,1.0,4.6,0.63,Low,Medium,54.0,1.0,0,54.0
2024-03-13,18,Peelamedu,Ukkadam,6.02,38.3,4.0,1.38,4.58,0.74,High,Low,64.08,1.0,0,64.08
2024-03-13,12,Ukkadam,Peelamedu,4.74,21.0,10.4,1.25,4.09,0.68,Medium,High,58.96,1.0,0,58.96
2024-03-01,9,Singanallur,Saibaba_Colony,4.7,17.5,6.4,1.08,4.8,0.94,High,Medium,58.8,1.0,0,58.8
2024-03-10,15,RS_Puram,Ukkadam,4.51,21.5,5.2,1.07,4.14,0.81,Medium,High,58.04,1.0,0,58.04
2024-03-01,14,Singanallur,RS_Puram,3.14,14.6,8.1,1.35,4.56,0.89,High,High,52.56,1.0,0,52.56
2024-03-05,12,Saibaba_Colony,Ukkadam,5.53,27.3,8.5,1.04,4.68,0.75,High,Low,62.12,1.0,0,62.12
2024-03-09,15,Singanallur,Gandhipuram,0.87,5.7,4.5,1.57,4.55,0.8,High,Medium,43.48,1.0,0,43.48
2024-03-08,9,RS_Puram,Saibaba_Colony,0.77,4.7,5.8,1.5,4.64,0.8,Low,Low,43.08,1.0,0,43.08
2024-03-08,19,Ukkadam,Saibaba_Colony,5.36,34.9,12.7,1.36,4.48,0.62,Low,Medium,61.44,1.0,0,61.44
2024-03-06,7,Peelamedu,Ukkadam,1.42,5.0,3.9,1.16,4.63,0.8,Low,Medium,45.68,1.0,0,45.68
2024-03-13,16,Saibaba_Colony,Peelamedu,8.37,38.7,4.6,1.54,4.84,0.79,Low,Low,73.48,1.0,0,73.48
2024-03-09,18,Ukkadam,Ukkadam,4.72,19.0,10.4,1.19,4.95,0.85,High,Low,58.88,1.0,0,58.88
2024-03-02,22,Singanallur,Singanallur,7.99,32.6,9.0,0.98,4.36,0.71,High,High,71.96,1.0,0,71.96
2024-03-09,12,Saibaba_Colony,Gandhipuram,0.96,3.6,3.5,1.03,4.83,0.92,Low,High,43.84,1.0,0,43.84
2024-03-06,21,Peelamedu,Singanallur,9.04,42.4,10.8,1.21,4.43,0.8,High,High,76.16,1.0,0,76.16
2024-03-09,8,RS_Puram,Peelamedu,15.89,85.1,12.7,1.38,4.64,0.86,High,Low,103.56,1.0,0,103.56
2024-03-04,18,Peelamedu,Singanallur,3.22,18.0,3.2,1.32,4.62,0.61,Medium,High,52.88,1.43,20,95.62
2024-03-09,7,RS_Puram,Gandhipuram,6.78,25.3,6.7,1.15,4.45,0.84,High,Medium,67.12,1.0,0,67.12
2024-03-08,16,Singanallur,Ukkadam,7.41,47.3,8.5,1.47,4.76,0.82,Low,High,69.64,1.0,0,69.64
2024-03-07,10,Saibaba_Colony,RS_Puram,9.0,44.5,9.6,1.11,4.36,0.75,Low,Low,76.0,1.0,0,76.0
2024-03-13,18,Peelamedu,Peelamedu,4.19,17.3,4.4,1.02,4.67,0.69,Medium,Low,56.76,1.0,0,56.76
2024-03-08,8,RS_Puram,Ukkadam,10.91,44.5,4.3,1.02,5.0,0.66,Low,High,83.64,1.51,20,146.3
2024-03-08,6,Ukkadam,RS_Puram,2.41,13.0,3.9,1.3,4.69,0.76,Low,Low,49.64,1.0,0,49.64
2024-03-13,21,Singanallur,Peelamedu,7.04,24.9,2.6,1.14,4.86,0.79,High,High,68.16,1.0,0,68.16
2024-03-04,14,Saibaba_Colony,RS_Puram,1.23,3.6,8.9,0.92,4.47,0.68,Medium,Medium,44.92,1.0,0,44.92
2024-03-10,7,Peelamedu,RS_Puram,4.28,15.5,9.6,1.2,4.66,0.92,Medium,Low,57.12,1.0,0,57.12
2024-03-08,11,Singanallur,Singanallur,6.87,27.0,3.0,0.97,4.58,0.6,Medium,Low,67.48,1.0,0,67.48
2024-03-10,7,Singanallur,RS_Puram,6.89,28.6,2.5,0.96,4.65,0.81,Low,Low,67.56,1.0,0,67.56
2024-03-05,14,Gandhipuram,Gandhipuram,10.03,49.0,7.9,1.21,4.55,0.83,Medium,High,80.12,1.0,0,80.12
2024-03-09,11,Gandhipuram,Saibaba_Colony,6.79,43.5,8.0,1.29,4.62,0.88,Medium,Medium,67.16,1.0,0,67.16
2024-03-03,18,Gandhipuram,Peelamedu,13.58,69.4,6.5,1.4,4.61,0.61,Medium,Low,94.32,1.0,0,94.32
2024-03-03,10,RS_Puram,Singanallur,4.31,19.3,13.2,1.46,4.79,0.6,High,Low,57.24,1.0,0,57.24
2024-03-08,12,RS_Puram,Ukkadam,6.38,32.9,7.9,1.24,4.56,0.68,Low,Medium,65.52,1.0,0,65.52
2024-03-04,15,Peelamedu,Ukkadam,2.14,9.4,13.5,1.36,4.43,0.71,High,Low,48.56,1.0,0,48.56
2024-03-12,10,Peelamedu,Singanallur,6.97,20.6,3.7,0.97,4.69,0.62,Low,High,67.88,1.0,0,67.88
2024-03-12,6,RS_Puram,Singanallur,8.98,47.2,3.1,1.22,4.24,0.82,High,Low,75.92,1.0,0,75.92
2024-03-02,22,RS_Puram,Singanallur,5.83,36.3,4.4,1.28,4.95,0.75,Low,Low,63.32,1.0,0,63.32
2024-03-04,21,Gandhipuram,RS_Puram,1.16,4.0,5.9,1.04,4.52,0.81,Low,High,44.64,1.0,0,44.64
2024-03-14,22,Peelamedu,Gandhipuram,1.02,4.1,9.2,1.23,4.5,0.89,High,High,44.08,1.0,0,44.08
2024-03-03,21,Peelamedu,Gandhipuram,1.25,4.6,2.8,0.92,4.75,0.8,Medium,High,45.0,1.0,0,45.0
2024-03-07,18,Ukkadam,Gandhipuram,3.48,14.3,9.0,1.36,4.79,0.74,Medium,Medium,53.92,1.0,0,53.92
2024-03-12,17,Gandhipuram,Ukkadam,1.27,6.2,2.3,1.04,4.33,0.93,High,Low,45.08,1.0,0,45.08
2024-03-03,22,Saibaba_Colony,Gandhipuram,14.94,81.5,3.0,1.27,4.72,0.62,High,High,99.76,1.0,0,99.76
2024-03-11,22,Singanallur,Singanallur,3.38,16.0,12.0,1.26,5.0,0.77,High,Medium,53.52,1.0,0,53.52
2024-03-14,21,RS_Puram,Peelamedu,3.13,18.4,13.6,1.48,4.56,0.94,High,Medium,52.52,1.0,0,52.52
2024-03-12,20,Peelamedu,Gandhipuram,0.73,3.9,6.9,1.19,4.42,0.62,Low,High,42.92,1.35,10,67.94
2024-03-09,20,Peelamedu,Saibaba_Colony,9.38,59.7,10.0,1.46,4.78,0.87,Low,Low,77.52,1.0,0,77.52
2024-03-10,18,Gandhipuram,Peelamedu,12.87,42.3,2.6,0.98,4.39,0.93,Low,Medium,91.48,1.0,0,91.48
2024-03-04,8,Peelamedu,Saibaba_Colony,5.48,38.2,12.2,1.5,4.7,0.81,Low,Low,61.92,1.0,0,61.92
2024-03-08,20,Saibaba_Colony,RS_Puram,4.26,17.1,6.3,1.08,4.39,0.73,Low,Low,57.04,1.0,0,57.04
2024-03-10,14,Peelamedu,Singanallur,6.54,23.0,2.8,1.05,4.82,0.84,High,Medium,66.16,1.0,0,66.16
2024-03-06,8,Singanallur,Singanallur,5.91,43.4,13.6,1.48,4.89,0.64,Medium,Medium,63.64,1.0,0,63.64
2024-03-07,10,Saibaba_Colony,Gandhipuram,1.63,10.5,5.1,1.59,4.68,0.92,Low,Medium,46.52,1.0,0,46.52
2024-03-05,14,Ukkadam,Singanallur,1.85,11.4,5.3,1.41,4.73,0.75,High,Low,47.4,1.0,0,47.4
2024-03-10,18,RS_Puram,RS_Puram,10.7,66.9,5.5,1.45,4.55,0.7,Low,Low,82.8,1.0,0,82.8
2024-03-02,14,RS_Puram,Peelamedu,1.11,7.7,12.4,1.57,4.75,0.71,High,Low,44.44,1.0,0,44.44
2024-03-11,22,RS_Puram,Peelamedu,0.51,2.8,11.7,1.55,4.8,0.61,High,Medium,42.04,1.0,0,42.04
2024-03-09,19,Gandhipuram,RS_Puram,1.31,7.2,7.0,1.21,4.72,0.82,Low,Medium,45.24,1.0,0,45.24
2024-03-10,17,Ukkadam,Gandhipuram,9.55,55.8,5.9,1.53,4.6,0.74,Low,High,78.2,1.0,0,78.2
2024-03-05,13,Singanallur,Peelamedu,4.67,31.7,13.3,1.48,4.48,0.9,High,Medium,58.68,1.0,0,58.68
2024-03-03,20,Singanallur,Gandhipuram,2.38,17.1,13.4,1.47,4.61,0.64,Medium,Medium,49.52,1.0,0,49.52
2024-03-01,10,Singanallur,RS_Puram,8.16,42.0,5.4,1.4,4.72,0.77,Low,High,72.64,1.0,0,72.64
2024-03-12,12,Ukkadam,Singanallur,4.12,21.5,8.8,1.34,4.53,0.75,High,Low,56.48,1.0,0,56.48
2024-03-02,6,Gandhipuram,Peelamedu,7.84,46.6,9.4,1.41,4.7,0.73,High,Medium,71.36,1.0,0,71.36
2024-03-13,22,RS_Puram,Ukkadam,5.98,35.0,7.7,1.44,4.66,0.9,Low,Medium,63.92,1.0,0,63.92
2024-03-04,18,Singanallur,Ukkadam,5.43,31.6,3.2,1.21,4.61,0.67,Low,High,61.72,1.42,20,107.64
2024-03-01,16,Gandhipuram,Singanallur,2.53,17.9,14.3,1.47,4.87,0.75,High,Medium,50.12,1.0,0,50.12
2024-03-04,7,Gandhipuram,Peelamedu,2.16,8.8,7.9,1.34,4.68,0.72,High,Medium,48.64,1.0,0,48.64
2024-03-02,12,RS_Puram,Peelamedu,5.39,30.1,8.3,1.12,4.84,0.94,Medium,High,61.56,1.0,0,61.56
2024-03-04,18,Saibaba_Colony,RS_Puram,20.23,86.3,9.0,1.08,4.76,0.65,Low,Medium,120.92,1.0,0,120.92
2024-03-11,9,Gandhipuram,Saibaba_Colony,2.03,10.3,6.9,1.33,4.93,0.61,Medium,High,48.12,1.48,10,81.22
2024-03-05,11,Singanallur,RS_Puram,3.46,15.6,9.5,1.11,4.71,0.64,High,Low,53.84,1.0,0,53.84
2024-03-08,8,RS_Puram,Peelamedu,1.06,7.3,4.2,1.4,4.27,0.75,High,High,44.24,1.44,30,93.71
2024-03-14,12,Gandhipuram,Singanallur,3.78,14.6,6.6,0.91,4.62,0.67,Low,Low,55.12,1.0,0,55.12
2024-03-03,11,Peelamedu,Ukkadam,3.13,23.6,6.9,1.59,4.54,0.6,Low,Low,52.52,1.0,0,52.52
2024-03-13,15,Saibaba_Colony,Ukkadam,2.9,12.9,5.4,1.1,4.48,0.91,Low,High,51.6,1.0,0,51.6
2024-03-01,10,Gandhipuram,Singanallur,2.35,9.6,7.4,0.98,4.36,0.8,Low,Medium,49.4,1.0,0,49.4
2024-03-06,8,Ukkadam,Saibaba_Colony,3.49,20.9,14.8,1.55,4.42,0.76,Medium,Low,53.96,1.0,0,53.96
2024-03-07,15,Gandhipuram,Peelamedu,5.17,24.4,11.0,1.47,4.7,0.94,Low,High,60.68,1.0,0,60.68
2024-03-05,15,Gandhipuram,Gandhipuram,2.85,16.3,5.2,1.55,4.68,0.8,Low,Low,51.4,1.0,0,51.4
2024-03-11,20,Gandhipuram,Singanallur,1.04,6.3,8.8,1.31,4.62,0.63,Medium,Low,44.16,1.0,0,44.16
2024-03-05,10,Saibaba_Colony,Saibaba_Colony,9.28,35.2,7.3,0.97,4.35,0.73,Low,Medium,77.12,1.0,0,77.12
2024-03-05,10,Peelamedu,RS_Puram,9.88,40.7,3.4,0.93,4.5,0.69,Medium,High,79.52,1.0,0,79.52
2024-03-10,21,Peelamedu,Singanallur,4.33,14.8,3.7,1.08,4.64,0.87,Low,Medium,57.32,1.0,0,57.32
2024-03-12,15,Saibaba_Colony,Saibaba_Colony,9.96,49.9,3.9,1.36,4.28,0.62,High,High,79.84,1.0,0,79.84
2024-03-10,14,Ukkadam,Singanallur,5.25,24.5,3.0,1.35,4.39,0.85,Medium,High,61.0,1.0,0,61.0
2024-03-06,16,Gandhipuram,Peelamedu,5.15,19.9,5.4,0.99,4.73,0.87,Low,Medium,60.6,1.0,0,60.6
2024-03-08,10,Singanallur,Ukkadam,5.36,29.7,4.6,1.26,4.67,0.61,Low,Low,61.44,1.0,0,61.44
2024-03-10,14,RS_Puram,Gandhipuram,2.76,15.7,12.5,1.26,4.53,0.87,Medium,High,51.04,1.0,0,51.04
2024-03-03,8,Peelamedu,Gandhipuram,3.61,16.1,3.3,1.33,4.73,0.64,Low,Low,54.44,1.0,0,54.44
2024-03-09,13,Gandhipuram,Peelamedu,1.83,10.3,8.3,1.28,4.74,0.92,Low,Medium,47.32,1.0,0,47.32
2024-03-14,11,RS_Puram,Gandhipuram,4.79,20.5,4.0,1.2,4.39,0.72,High,Medium,59.16,1.0,0,59.16
2024-03-05,16,RS_Puram,RS_Puram,6.08,24.4,8.2,1.01,4.59,0.89,Low,Medium,64.32,1.0,0,64.32
2024-03-03,16,Peelamedu,Saibaba_Colony,10.87,81.6,13.5,1.52,4.78,0.76,High,High,83.48,1.0,0,83.48
2024-03-03,6,Saibaba_Colony,Gandhipuram,7.81,37.8,5.4,1.23,4.92,0.7,High,Low,71.24,1.0,0,71.24
2024-03-08,8,Peelamedu,Singanallur,1.25,4.0,8.7,1.01,4.37,0.8,Medium,Medium,45.0,1.0,0,45.0
2024-03-06,17,Peelamedu,Ukkadam,3.38,21.3,13.6,1.39,4.23,0.86,High,High,53.52,1.0,0,53.52
2024-03-03,14,Gandhipuram,Singanallur,0.58,2.5,4.7,0.95,4.8,0.71,High,Low,42.32,1.0,0,42.32
2024-03-07,18,RS_Puram,Gandhipuram,8.52,48.8,3.8,1.49,4.51,0.6,Medium,Medium,74.08,1.0,0,74.08
2024-03-11,6,Saibaba_Colony,Gandhipuram,3.18,16.3,5.7,1.14,4.74,0.77,High,High,52.72,1.0,0,52.72
2024-03-12,20,RS_Puram,Gandhipuram,2.28,8.1,10.7,1.19,4.77,0.61,Medium,Medium,49.12,1.0,0,49.12
2024-03-06,16,Saibaba_Colony,Peelamedu,4.1,12.9,4.3,0.93,4.25,0.85,Medium,Medium,56.4,1.0,0,56.4
2024-03-04,20,Saibaba_Colony,Singanallur,0.77,2.6,9.4,0.95,4.66,0.71,Medium,Low,43.08,1.0,0,43.08
2024-03-01,21,Gandhipuram,Singanallur,5.11,26.9,10.1,1.09,4.76,0.86,High,Low,60.44,1.0,0,60.44
2024-03-10,8,Saibaba_Colony,RS_Puram,6.66,44.8,9.3,1.49,4.44,0.82,High,Low,66.64,1.0,0,66.64
2024-03-05,12,Singanallur,RS_Puram,5.67,19.3,2.7,1.12,4.62,0.62,High,Medium,62.68,1.0,0,62.68
2024-03-08,6,Gandhipuram,Saibaba_Colony,3.16,14.8,7.8,1.45,4.38,0.71,Low,Medium,52.64,1.0,0,52.64
2024-03-11,17,Gandhipuram,Saibaba_Colony,4.46,21.1,4.3,1.0,4.61,0.72,High,Low,57.84,1.0,0,57.84
2024-03-08,6,Gandhipuram,Saibaba_Colony,2.23,8.1,10.0,1.02,4.24,0.65,Medium,High,48.92,1.0,0,48.92
2024-03-11,11,RS_Puram,RS_Puram,7.2,21.8,6.5,0.9,4.64,0.85,High,Medium,68.8,1.0,0,68.8
2024-03-10,12,Saibaba_Colony,Singanallur,3.91,17.1,6.0,1.12,4.76,0.65,High,High,55.64,1.0,0,55.64
2024-03-06,12,Singanallur,RS_Puram,4.02,22.4,9.1,1.28,4.52,0.92,Low,Low,56.08,1.0,0,56.08
2024-03-05,8,RS_Puram,RS_Puram,4.88,20.6,11.7,1.29,4.89,0.76,Low,High,59.52,1.64,30,127.61
2024-03-08,10,RS_Puram,Singanallur,5.13,23.5,8.3,0.99,4.81,0.9,Medium,Low,60.52,1.0,0,60.52
2024-03-13,17,RS_Puram,Singanallur,3.8,20.0,15.7,1.58,4.67,0.8,Medium,Low,55.2,1.0,0,55.2
2024-03-10,9,Singanallur,RS_Puram,3.05,18.9,13.0,1.44,4.68,0.77,Low,Medium,52.2,1.0,0,52.2
2024-03-07,15,Singanallur,RS_Puram,1.68,8.1,4.2,1.24,4.47,0.67,High,Medium,46.72,1.0,0,46.72
2024-03-14,8,Peelamedu,Saibaba_Colony,1.92,11.0,6.0,1.6,4.36,0.66,Medium,Low,47.68,1.0,0,47.68
2024-03-03,14,Peelamedu,Ukkadam,5.48,21.7,4.3,0.97,4.5,0.65,High,Low,61.92,1.0,0,61.92
2024-03-06,9,Peelamedu,Peelamedu,1.31,6.9,10.6,1.32,4.26,0.89,Medium,Low,45.24,1.0,0,45.24
2024-03-08,17,Singanallur,Saibaba_Colony,2.33,9.6,6.1,1.24,4.64,0.72,Low,Low,49.32,1.0,0,49.32
2024-03-05,6,Singanallur,Peelamedu,3.51,20.6,7.9,1.3,4.77,0.83,Low,Medium,54.04,1.0,0,54.04
2024-03-13,6,RS_Puram,Saibaba_Colony,4.97,34.6,12.5,1.49,4.61,0.72,Medium,Medium,59.88,1.0,0,59.88
2024-03-10,12,Peelamedu,Peelamedu,0.85,4.2,11.8,1.2,4.56,0.88,Low,Low,43.4,1.0,0,43.4
2024-03-03,15,Ukkadam,Gandhipuram,3.27,15.7,8.0,1.25,4.76,0.79,High,Medium,53.08,1.0,0,53.08
2024-03-01,7,Gandhipuram,Saibaba_Colony,4.67,22.3,9.0,1.11,4.74,0.94,Medium,Medium,58.68,1.0,0,58.68
2024-03-12,19,Peelamedu,Saibaba_Colony,1.77,6.6,9.4,0.98,4.06,0.77,Low,High,47.08,1.69,20,99.57
2024-03-03,13,Peelamedu,Gandhipuram,3.88,21.0,9.6,1.57,4.61,0.79,Medium,Medium,55.52,1.0,0,55.52
2024-03-03,12,Saibaba_Colony,Saibaba_Colony,19.33,74.9,9.4,1.02,4.6,0.95,High,High,117.32,1.0,0,117.32
2024-03-11,16,Singanallur,Saibaba_Colony,11.78,76.9,6.8,1.52,4.42,0.81,Medium,Medium,87.12,1.0,0,87.12
2024-03-01,17,Gandhipuram,Gandhipuram,2.52,8.9,5.2,0.92,4.57,0.72,Medium,High,50.08,1.0,0,50.08
2024-03-06,11,Peelamedu,Saibaba_Colony,4.27,18.3,2.7,1.07,4.25,0.85,Medium,High,57.08,1.0,0,57.08
2024-03-02,17,Ukkadam,Peelamedu,2.03,10.5,6.8,1.1,4.97,0.84,Medium,Medium,48.12,1.0,0,48.12
2024-03-05,21,Singanallur,Gandhipuram,8.79,41.5,11.2,1.25,4.44,0.85,Medium,High,75.16,1.0,0,75.16
2024-03-09,22,Peelamedu,Peelamedu,1.16,5.5,4.2,1.05,4.42,0.76,Medium,Low,44.64,1.0,0,44.64
2024-03-08,14,Saibaba_Colony,Saibaba_Colony,2.23,14.8,10.8,1.59,4.56,0.75,Low,Low,48.92,1.0,0,48.92
2024-03-14,20,RS_Puram,Gandhipuram,8.35,25.2,2.8,0.94,5.0,0.64,Low,Low,73.4,1.0,0,73.4
2024-03-02,17,Singanallur,Peelamedu,2.27,11.1,4.0,1.04,4.49,0.71,Medium,Medium,49.08,1.0,0,49.08
2024-03-09,21,Gandhipuram,Gandhipuram,4.66,23.1,9.5,1.42,4.56,0.62,Medium,Low,58.64,1.0,0,58.64
2024-03-05,18,Saibaba_Colony,Gandhipuram,7.75,33.3,2.5,1.08,4.62,0.79,High,Low,71.0,1.0,0,71.0
2024-03-06,21,Singanallur,Gandhipuram,7.01,36.4,14.0,1.58,4.46,0.71,Medium,Low,68.04,1.0,0,68.04
2024-03-13,20,Peelamedu,Gandhipuram,12.76,68.1,11.3,1.23,4.59,0.62,Medium,Medium,91.04,1.0,0,91.04
2024-03-06,21,Peelamedu,Ukkadam,4.41,16.2,4.3,0.92,4.63,0.86,Low,Medium,57.64,1.0,0,57.64
2024-03-04,19,Singanallur,Gandhipuram,1.45,6.8,5.2,1.44,4.82,0.72,Low,High,45.8,1.53,20,90.07
2024-03-12,20,Gandhipuram,RS_Puram,3.23,13.7,3.1,1.15,4.8,0.72,Low,Low,52.92,1.0,0,52.92
2024-03-06,6,Gandhipuram,Ukkadam,1.18,6.7,2.7,1.31,4.73,0.71,High,Low,44.72,1.0,0,44.72
2024-03-13,13,Saibaba_Colony,Ukkadam,8.95,57.2,13.6,1.54,4.7,0.61,Low,High,75.8,1.0,0,75.8
2024-03-02,10,Singanallur,Gandhipuram,3.16,19.0,3.7,1.55,4.59,0.61,Medium,Low,52.64,1.0,0,52.64
2024-03-09,17,Singanallur,Singanallur,7.44,34.6,8.3,1.21,4.58,0.68,High,High,69.76,1.0,0,69.76
2024-03-10,13,Gandhipuram,Peelamedu,1.79,11.5,12.6,1.45,4.56,0.84,Medium,Low,47.16,1.0,0,47.16
2024-03-02,8,Peelamedu,RS_Puram,1.09,4.9,13.1,1.4,4.37,0.88,Medium,Low,44.36,1.0,0,44.36
2024-03-13,19,Peelamedu,Saibaba_Colony,4.86,19.5,6.0,1.31,4.72,0.85,Medium,Medium,59.44,1.0,0,59.44
2024-03-12,20,RS_Puram,Saibaba_Colony,8.11,36.3,4.0,1.18,4.51,0.81,Low,High,72.44,1.45,10,115.04
2024-03-08,19,Singanallur,Saibaba_Colony,7.34,41.8,5.1,1.56,4.7,0.91,Low,Medium,69.36,1.0,0,69.36
2024-03-13,13,Ukkadam,Saibaba_Colony,0.34,1.3,3.5,0.98,4.9,0.64,Low,High,41.36,1.0,0,41.36
2024-03-09,10,Saibaba_Colony,Ukkadam,6.68,40.4,2.8,1.36,4.82,0.72,Medium,High,66.72,1.0,0,66.72
2024-03-11,17,Ukkadam,Saibaba_Colony,5.19,19.9,4.3,1.19,4.67,0.62,Medium,High,60.76,1.0,0,60.76
2024-03-08,13,Peelamedu,RS_Puram,2.91,16.6,3.4,1.16,4.8,0.69,High,Low,51.64,1.0,0,51.64
2024-03-03,10,Singanallur,RS_Puram,2.55,16.4,6.5,1.55,4.22,0.71,High,Low,50.2,1.0,0,50.2
2024-03-10,10,Peelamedu,RS_Puram,7.18,34.5,3.7,1.05,4.88,0.93,Medium,Low,68.72,1.0,0,68.72
2024-03-09,22,Ukkadam,Gandhipuram,9.65,52.4,3.3,1.31,4.65,0.7,Medium,High,78.6,1.0,0,78.6
2024-03-14,6,Saibaba_Colony,Peelamedu,1.81,10.4,9.2,1.29,4.84,0.83,Medium,High,47.24,1.0,0,47.24
2024-03-10,16,Gandhipuram,Saibaba_Colony,2.14,12.5,11.6,1.33,4.63,0.76,Low,Medium,48.56,1.0,0,48.56
2024-03-13,9,Ukkadam,Singanallur,14.31,70.9,4.1,1.23,4.95,0.75,High,Low,97.24,1.0,0,97.24
2024-03-02,11,Peelamedu,Singanallur,4.84,22.9,6.8,1.14,4.27,0.73,Medium,Low,59.36,1.0,0,59.36
2024-03-09,6,Saibaba_Colony,RS_Puram,6.5,45.5,10.7,1.54,4.28,0.84,High,High,66.0,1.0,0,66.0
2024-03-03,9,Saibaba_Colony,RS_Puram,7.12,29.7,7.2,1.11,4.23,0.85,Medium,Medium,68.48,1.0,0,68.48
2024-03-06,14,Gandhipuram,Gandhipuram,1.85,6.4,6.1,0.92,4.79,0.94,High,Medium,47.4,1.0,0,47.4
2024-03-14,13,RS_Puram,Gandhipuram,10.62,48.9,8.8,1.2,5.0,0.75,High,Low,82.48,1.0,0,82.48
2024-03-10,7,Ukkadam,Gandhipuram,0.63,3.1,13.5,1.55,4.7,0.85,High,Medium,42.52,1.0,0,42.52
2024-03-14,8,Gandhipuram,Gandhipuram,3.65,25.7,8.0,1.55,4.0,0.69,Low,Medium,54.6,1.0,0,54.6
2024-03-13,17,Peelamedu,RS_Puram,5.58,24.5,7.4,0.92,4.72,0.73,Low,High,62.32,1.0,0,62.32
2024-03-07,7,Singanallur,Saibaba_Colony,1.93,11.0,6.7,1.45,4.73,0.86,Low,Low,47.72,1.0,0,47.72
2024-03-10,18,Ukkadam,Ukkadam,5.11,21.6,5.5,1.0,4.59,0.62,Medium,High,60.44,1.44,30,117.03
2024-03-08,13,Peelamedu,Gandhipuram,3.03,18.6,6.3,1.26,4.74,0.8,Medium,Medium,52.12,1.0,0,52.12
2024-03-12,8,Gandhipuram,RS_Puram,2.69,12.2,5.4,0.99,4.38,0.77,Medium,Medium,50.76,1.0,0,50.76
2024-03-12,17,Singanallur,Ukkadam,0.49,2.6,12.7,1.28,4.51,0.93,High,Medium,41.96,1.0,0,41.96
2024-03-12,20,Saibaba_Colony,Saibaba_Colony,15.19,87.4,14.7,1.52,4.51,0.75,Low,Low,100.76,1.0,0,100.76
2024-03-11,22,Singanallur,Peelamedu,4.64,22.6,6.9,1.07,4.93,0.83,High,High,58.56,1.0,0,58.56
2024-03-02,21,Saibaba_Colony,Singanallur,1.11,6.8,7.6,1.24,4.94,0.86,Medium,High,44.44,1.0,0,44.44
2024-03-03,13,Singanallur,Gandhipuram,0.82,3.9,6.9,1.15,4.27,0.65,Low,Medium,43.28,1.0,0,43.28
2024-03-01,9,Ukkadam,Peelamedu,12.01,59.0,7.2,1.02,4.82,0.87,High,High,88.04,1.38,10,131.5
2024-03-12,8,Saibaba_Colony,Singanallur,3.39,17.8,6.1,1.47,4.66,0.9,Low,Medium,53.56,1.0,0,53.56
2024-03-12,16,Ukkadam,Singanallur,8.37,54.6,2.8,1.34,5.0,0.62,Medium,Medium,73.48,1.0,0,73.48
2024-03-09,14,Saibaba_Colony,Peelamedu,9.31,40.7,2.0,0.98,4.81,0.93,Medium,Medium,77.24,1.0,0,77.24
2024-03-09,20,RS_Puram,Saibaba_Colony,9.32,39.1,10.6,1.23,4.64,0.79,High,Medium,77.28,1.0,0,77.28
2024-03-03,19,Gandhipuram,Saibaba_Colony,3.9,20.0,12.3,1.3,4.73,0.63,High,High,55.6,1.45,30,110.62
2024-03-14,8,Singanallur,Saibaba_Colony,3.71,17.8,8.2,1.31,4.47,0.92,Low,Low,54.84,1.0,0,54.84
